name,level,valid_from,valid_to,issued
Afghanistan,4,2018-03-01,,2018-01-10
Albania,1,2018-03-01,2019-06-01,2018-01-10
Albania,2,2019-07-01,2019-07-01,2019-06-27
Albania,1,2019-08-01,2020-08-01,2019-07-10
Albania,3,2020-09-01,2021-04-01,2020-08-06
Albania,4,2021-05-01,2021-06-01,2021-04-20
Albania,2,2021-07-01,2021-08-01,2021-06-16
Albania,3,2021-09-01,2021-09-01,2021-08-23
Albania,4,2021-10-01,2021-12-01,2021-09-13
Albania,3,2022-01-01,2022-01-01,2021-12-20
Albania,4,2022-02-01,2022-03-01,2022-01-18
Albania,3,2022-04-01,2022-04-01,2022-03-21
Albania,2,2022-05-01,,2022-04-19
Algeria,2,2018-03-01,2020-08-01,2018-01-10
Algeria,3,2020-09-01,2021-04-01,2020-08-06
Algeria,4,2021-05-01,2022-04-01,2021-04-20
Algeria,2,2022-05-01,,2022-04-18
Andorra,1,2018-03-01,2020-08-01,2018-01-10
Andorra,3,2020-09-01,2021-04-01,2020-08-06
Andorra,4,2021-05-01,2021-06-01,2021-04-20
Andorra,3,2021-07-01,2021-08-01,2021-06-16
Andorra,4,2021-09-01,2021-09-01,2021-08-02
Andorra,3,2021-10-01,2021-12-01,2021-09-21
Andorra,4,2022-01-01,2022-04-01,2021-12-06
Andorra,1,2022-05-01,,2022-04-19
Angola,1,2018-03-01,2020-08-01,2018-01-10
Angola,3,2020-09-01,2021-06-01,2020-08-06
Angola,2,2021-07-01,2021-10-01,2021-06-16
Angola,3,2021-11-01,2022-03-01,2021-10-18
Angola,1,2022-04-01,2023-07-01,2022-03-14
Angola,2,2023-08-01,,2023-07-24
Anguilla,2,2018-03-01,2018-04-01,2018-01-18
Anguilla,1,2018-05-01,2020-08-01,2018-04-10
Anguilla,3,2020-09-01,2021-07-01,2020-08-17
Anguilla,1,2021-08-01,2021-09-01,2021-07-07
Anguilla,3,2021-10-01,2022-01-01,2021-09-07
Anguilla,4,2022-02-01,2022-03-01,2022-01-31
Anguilla,3,2022-04-01,2022-04-01,2022-03-07
Anguilla,1,2022-05-01,,2022-04-18
Antarctica,2,2018-03-01,2021-04-01,2018-01-10
Antarctica,4,2021-05-01,2022-04-01,2021-04-20
Antarctica,2,2022-05-01,,2022-04-18
Antigua and Barbuda,1,2018-03-01,2020-08-01,2018-01-10
Antigua and Barbuda,3,2020-09-01,2021-04-01,2020-08-06
Antigua and Barbuda,4,2021-05-01,2021-05-01,2021-04-20
Antigua and Barbuda,3,2021-06-01,2021-06-01,2021-05-24
Antigua and Barbuda,1,2021-07-01,2021-08-01,2021-06-16
Antigua and Barbuda,2,2021-09-01,2021-09-01,2021-08-16
Antigua and Barbuda,4,2021-10-01,2022-04-01,2021-09-21
Antigua and Barbuda,1,2022-05-01,,2022-05-02
Argentina,1,2018-03-01,2018-11-01,2018-01-10
Argentina,2,2018-12-01,2018-12-01,2018-11-20
Argentina,1,2019-01-01,2020-08-01,2018-12-03
Argentina,4,2020-09-01,2021-10-01,2020-08-06
Argentina,3,2021-11-01,2021-11-01,2021-10-04
Argentina,2,2021-12-01,2021-12-01,2021-11-30
Argentina,3,2022-01-01,2022-01-01,2021-12-28
Argentina,4,2022-02-01,2022-04-01,2022-01-18
Argentina,1,2022-05-01,,2022-04-18
Armenia,1,2018-03-01,2020-08-01,2018-01-10
Armenia,3,2020-09-01,2021-04-01,2020-08-17
Armenia,4,2021-05-01,2021-06-01,2021-04-22
Armenia,3,2021-07-01,2021-10-01,2021-06-16
Armenia,4,2021-11-01,2022-01-01,2021-10-04
Armenia,3,2022-02-01,2022-02-01,2022-01-10
Armenia,4,2022-03-01,2022-04-01,2022-02-07
Armenia,1,2022-05-01,2022-11-01,2022-04-25
Armenia,2,2022-12-01,,2022-11-15
Aruba,1,2018-03-01,2020-08-01,2018-01-10
Aruba,3,2020-09-01,2021-04-01,2020-08-06
Aruba,4,2021-05-01,2021-06-01,2021-04-20
Aruba,3,2021-07-01,2021-08-01,2021-06-16
Aruba,4,2021-09-01,2021-11-01,2021-08-09
Aruba,3,2021-12-01,2022-01-01,2021-11-22
Aruba,4,2022-02-01,2022-04-01,2022-01-04
Aruba,1,2022-05-01,,2022-04-18
Australia,1,2018-03-01,2020-08-01,2018-01-10
Australia,3,2020-09-01,2020-11-01,2020-08-06
Australia,2,2020-12-01,2021-04-01,2020-11-23
Australia,3,2021-05-01,2022-01-01,2021-04-21
Australia,4,2022-02-01,2022-04-01,2022-01-18
Australia,1,2022-05-01,,2022-04-18
Austria,1,2018-03-01,2020-08-01,2018-01-10
Austria,3,2020-09-01,2021-04-01,2020-08-06
Austria,4,2021-05-01,2021-06-01,2021-04-20
Austria,3,2021-07-01,2021-07-01,2021-06-16
Austria,2,2021-08-01,2021-08-01,2021-07-12
Austria,3,2021-09-01,2021-10-01,2021-08-09
Austria,4,2021-11-01,2022-04-01,2021-10-04
Austria,1,2022-05-01,,2022-04-19
Azerbaijan,2,2018-03-01,2020-03-01,2018-01-10
Azerbaijan,3,2020-04-01,2021-04-01,2020-03-06
Azerbaijan,4,2021-05-01,2021-06-01,2021-04-22
Azerbaijan,3,2021-07-01,2021-08-01,2021-06-16
Azerbaijan,4,2021-09-01,2022-01-01,2021-08-30
Azerbaijan,3,2022-02-01,2022-02-01,2022-01-04
Azerbaijan,4,2022-03-01,2022-04-01,2022-02-14
Azerbaijan,3,2022-05-01,2022-11-01,2022-04-25
Azerbaijan,2,2022-12-01,2026-03-01,2022-11-15
Azerbaijan,3,2026-04-01,,2026-03-12
Bahamas,2,2025-12-01,,2025-03-31
Bahrain,1,2018-03-01,2020-08-01,2018-01-10
Bahrain,3,2020-09-01,2021-04-01,2020-08-06
Bahrain,4,2021-05-01,2021-08-01,2021-04-20
Bahrain,3,2021-09-01,2021-12-01,2021-08-30
Bahrain,2,2022-01-01,2022-01-01,2021-12-06
Bahrain,4,2022-02-01,2022-04-01,2022-01-18
Bahrain,2,2022-05-01,2026-02-01,2022-04-20
Bahrain,3,2026-03-01,,2026-02-28
Bangladesh,2,2018-03-01,2020-08-01,2018-01-10
Bangladesh,4,2020-09-01,2020-09-01,2020-08-06
Bangladesh,3,2020-10-01,2021-04-01,2020-09-08
Bangladesh,4,2021-05-01,2021-09-01,2021-04-20
Bangladesh,3,2021-10-01,2021-10-01,2021-09-27
Bangladesh,2,2021-11-01,2022-02-01,2021-10-18
Bangladesh,3,2022-03-01,2022-03-01,2022-02-07
Bangladesh,2,2022-04-01,2024-07-01,2022-03-28
Bangladesh,4,2024-08-01,2024-09-01,2024-07-20
Bangladesh,3,2024-10-01,,2024-09-11
Barbados,1,2018-03-01,2020-08-01,2018-01-10
Barbados,3,2020-09-01,2020-11-01,2020-08-06
Barbados,2,2020-12-01,2021-01-01,2020-11-23
Barbados,3,2021-02-01,2021-04-01,2021-01-19
Barbados,4,2021-05-01,2021-05-01,2021-04-20
Barbados,3,2021-06-01,2021-06-01,2021-05-17
Barbados,2,2021-07-01,2021-08-01,2021-06-16
Barbados,3,2021-09-01,2021-10-01,2021-08-02
Barbados,4,2021-11-01,2022-04-01,2021-10-04
Barbados,1,2022-05-01,,2022-04-18
Belarus,1,2018-03-01,2020-08-01,2018-01-10
Belarus,3,2020-09-01,2021-04-01,2020-08-06
Belarus,4,2021-05-01,,2021-04-20
Belgium,2,2018-03-01,2020-08-01,2018-01-10
Belgium,3,2020-09-01,2021-04-01,2020-08-06
Belgium,4,2021-05-01,2021-07-01,2021-04-21
Belgium,3,2021-08-01,2021-11-01,2021-07-06
Belgium,4,2021-12-01,2022-04-01,2021-11-02
Belgium,2,2022-05-01,,2022-04-19
Belize,2,2018-03-01,2020-08-01,2018-01-10
Belize,4,2020-09-01,2020-10-01,2020-08-11
Belize,3,2020-11-01,2021-04-01,2020-10-05
Belize,2,2021-05-01,2021-07-01,2021-04-20
Belize,3,2021-08-01,2021-09-01,2021-07-19
Belize,4,2021-10-01,2022-04-01,2021-09-13
Belize,2,2022-05-01,,2022-04-18
Benin,1,2018-03-01,2020-08-01,2018-01-10
Benin,3,2020-09-01,2020-11-01,2020-08-06
Benin,2,2020-12-01,2021-02-01,2020-11-23
Benin,3,2021-03-01,2021-04-01,2021-03-01
Benin,2,2021-05-01,2021-09-01,2021-04-20
Benin,3,2021-10-01,2021-11-01,2021-09-07
Benin,2,2021-12-01,,2021-11-30
Bermuda,1,2018-03-01,2020-08-01,2018-01-10
Bermuda,3,2020-09-01,2020-10-01,2020-08-17
Bermuda,2,2020-11-01,2020-12-01,2020-10-26
Bermuda,3,2021-01-01,2021-03-01,2020-12-21
Bermuda,2,2021-04-01,2021-04-01,2021-03-16
Bermuda,4,2021-05-01,2021-06-01,2021-04-20
Bermuda,2,2021-07-01,2021-07-01,2021-06-16
Bermuda,1,2021-08-01,2021-08-01,2021-07-12
Bermuda,3,2021-09-01,2021-09-01,2021-08-30
Bermuda,4,2021-10-01,2021-11-01,2021-09-21
Bermuda,3,2021-12-01,2022-01-01,2021-11-30
Bermuda,4,2022-02-01,2022-04-01,2022-01-18
Bermuda,1,2022-05-01,,2022-04-19
Bhutan,1,2018-03-01,2020-08-01,2018-01-10
Bhutan,4,2020-09-01,2021-02-01,2020-08-06
Bhutan,3,2021-03-01,2021-04-01,2021-02-16
Bhutan,2,2021-05-01,2021-07-01,2021-04-26
Bhutan,4,2021-08-01,2021-10-01,2021-07-06
Bhutan,1,2021-11-01,2022-01-01,2021-10-18
Bhutan,3,2022-02-01,2022-02-01,2022-01-31
Bhutan,4,2022-03-01,2022-04-01,2022-02-22
Bhutan,1,2022-05-01,,2022-04-18
Bolivia,1,2018-03-01,2019-10-01,2018-01-10
Bolivia,2,2019-11-01,2019-11-01,2019-10-23
Bolivia,4,2019-12-01,2020-01-01,2019-11-12
Bolivia,2,2020-02-01,2020-03-01,2020-01-06
Bolivia,1,2020-04-01,2020-06-01,2018-01-10
Bolivia,2,2020-07-01,2020-08-01,2020-01-06
Bolivia,4,2020-09-01,2020-10-01,2020-08-06
Bolivia,3,2020-11-01,2021-02-01,2020-10-26
Bolivia,4,2021-03-01,2021-08-01,2021-02-01
Bolivia,3,2021-09-01,2021-10-01,2021-08-09
Bolivia,2,2021-11-01,2021-11-01,2021-10-18
Bolivia,3,2021-12-01,2022-01-01,2021-11-15
Bolivia,4,2022-02-01,2022-03-01,2022-01-18
Bolivia,3,2022-04-01,2022-04-01,2022-03-21
Bolivia,2,2022-05-01,,2022-04-19
Bonaire,3,2021-07-01,2021-07-01,2021-06-16
Bonaire,2,2021-08-01,2021-09-01,2021-07-06
Bonaire,3,2021-10-01,2021-12-01,2021-09-21
Bonaire,4,2022-01-01,2022-04-01,2021-12-20
Bonaire,1,2022-05-01,,2022-04-18
"Bonaire, Sint Eustatius and Saba",1,2018-07-01,2020-08-01,2018-01-10
"Bonaire, Sint Eustatius and Saba",3,2020-09-01,2021-04-01,2020-08-31
"Bonaire, Sint Eustatius and Saba",4,2021-05-01,2021-06-01,2021-04-21
"Bonaire, Sint Eustatius, and Saba",1,2025-09-01,,2024-08-19
"Bonaire, St. Eustatius, and Saba (BES)",1,2018-03-01,2018-06-01,2018-01-10
Bosnia and Herzegovina,2,2018-07-01,2020-08-01,2018-06-21
Bosnia and Herzegovina,3,2020-09-01,2021-04-01,2020-08-06
Bosnia and Herzegovina,4,2021-05-01,2021-06-01,2021-04-20
Bosnia and Herzegovina,3,2021-07-01,2021-07-01,2021-06-16
Bosnia and Herzegovina,2,2021-08-01,2021-08-01,2021-07-19
Bosnia and Herzegovina,3,2021-09-01,2021-10-01,2021-08-23
Bosnia and Herzegovina,4,2021-11-01,2022-03-01,2021-10-12
Bosnia and Herzegovina,3,2022-04-01,2022-04-01,2022-03-28
Bosnia and Herzegovina,2,2022-05-01,,2022-04-19
Bosnia-Herzegovina,2,2018-03-01,2018-06-01,2018-01-10
Botswana,1,2018-03-01,2020-08-01,2018-01-10
Botswana,3,2020-09-01,2021-02-01,2020-08-06
Botswana,4,2021-03-01,2021-06-01,2021-02-01
Botswana,3,2021-07-01,2021-07-01,2021-06-16
Botswana,4,2021-08-01,2022-03-01,2021-07-06
Botswana,3,2022-04-01,2022-04-01,2022-03-21
Botswana,1,2022-05-01,2024-02-01,2022-05-02
Botswana,2,2024-03-01,,2024-02-26
Brazil,2,2018-03-01,2020-08-01,2018-01-10
Brazil,4,2020-09-01,2021-09-01,2020-08-06
Brazil,3,2021-10-01,2022-01-01,2021-09-13
Brazil,4,2022-02-01,2022-04-01,2022-01-31
Brazil,2,2022-05-01,,2022-04-18
British Virgin Islands,3,2018-03-01,2018-04-01,2018-01-10
British Virgin Islands,1,2018-05-01,2020-08-01,2018-04-10
British Virgin Islands,3,2020-09-01,2021-06-01,2020-08-31
British Virgin Islands,2,2021-07-01,2021-07-01,2021-06-16
British Virgin Islands,4,2021-08-01,2021-11-01,2021-07-19
British Virgin Islands,1,2021-12-01,2022-01-01,2021-11-30
British Virgin Islands,4,2022-02-01,2022-03-01,2022-01-18
British Virgin Islands,3,2022-04-01,2022-04-01,2022-03-14
British Virgin Islands,1,2022-05-01,,2022-04-18
Brunei,1,2018-03-01,2020-08-01,2018-01-10
Brunei,2,2020-09-01,2021-04-01,2020-08-06
Brunei,3,2021-05-01,2021-09-01,2021-04-21
Brunei,4,2021-10-01,2022-01-01,2021-09-07
Brunei,3,2022-02-01,2022-05-01,2022-01-31
Brunei,1,2022-06-01,,2022-05-09
Bulgaria,1,2018-03-01,2020-08-01,2018-01-10
Bulgaria,3,2020-09-01,2021-04-01,2020-08-06
Bulgaria,4,2021-05-01,2021-06-01,2021-04-21
Bulgaria,3,2021-07-01,2021-07-01,2021-06-16
Bulgaria,1,2021-08-01,2021-08-01,2021-07-26
Bulgaria,3,2021-09-01,2021-09-01,2021-08-23
Bulgaria,4,2021-10-01,2022-04-01,2021-09-27
Bulgaria,1,2022-05-01,,2022-04-19
Burkina Faso,2,2018-03-01,2018-03-01,2018-01-10
Burkina Faso,3,2018-04-01,2019-11-01,2018-03-02
Burkina Faso,4,2019-12-01,,2019-11-26
Burma,1,2018-03-01,2018-06-01,2018-01-10
Burma (Myanmar),1,2018-07-01,2018-12-01,2018-06-13
Burma (Myanmar),2,2019-01-01,2020-08-01,2018-12-26
Burma (Myanmar),3,2020-09-01,2021-02-01,2020-08-06
Burma (Myanmar),4,2021-03-01,,2021-02-14
Burundi,3,2018-03-01,2020-08-01,2018-01-10
Burundi,4,2020-09-01,2020-12-01,2020-08-11
Burundi,3,2021-01-01,2021-04-01,2020-12-07
Burundi,4,2021-05-01,2021-05-01,2021-04-21
Burundi,3,2021-06-01,2021-07-01,2021-05-03
Burundi,4,2021-08-01,2022-04-01,2021-07-12
Burundi,3,2022-05-01,,2022-04-18
Cabo Verde,1,2018-03-01,2020-08-01,2018-01-10
Cabo Verde,3,2020-09-01,2021-04-01,2020-08-17
Cabo Verde,4,2021-05-01,2021-07-01,2021-04-20
Cabo Verde,3,2021-08-01,2021-12-01,2021-07-19
Cabo Verde,2,2022-01-01,2022-01-01,2021-12-06
Cabo Verde,4,2022-02-01,2022-03-01,2022-01-18
Cabo Verde,1,2022-04-01,,2022-03-21
Cambodia,1,2018-03-01,2020-08-01,2018-01-10
Cambodia,3,2020-09-01,2020-09-01,2020-08-06
Cambodia,2,2020-10-01,2021-04-01,2020-09-14
Cambodia,3,2021-05-01,2021-05-01,2021-04-20
Cambodia,4,2021-06-01,2021-06-01,2021-05-17
Cambodia,3,2021-07-01,2021-10-01,2021-06-16
Cambodia,4,2021-11-01,2022-04-01,2021-10-12
Cambodia,1,2022-05-01,2025-07-01,2022-04-18
Cambodia,2,2025-08-01,2025-08-01,2025-07-25
Cambodia,1,2025-09-01,2025-09-01,2023-07-24
Cambodia,2,2025-10-01,,2025-07-25
Cameroon,2,2018-03-01,2020-08-01,2018-01-10
Cameroon,3,2020-09-01,2021-04-01,2020-08-06
Cameroon,4,2021-05-01,2021-05-01,2021-04-22
Cameroon,3,2021-06-01,2021-06-01,2021-05-17
Cameroon,2,2021-07-01,,2021-06-16
Canada,1,2018-03-01,2020-08-01,2018-01-10
Canada,3,2020-09-01,2021-04-01,2020-08-06
Canada,4,2021-05-01,2021-06-01,2021-04-20
Canada,3,2021-07-01,2022-01-01,2021-06-16
Canada,4,2022-02-01,2022-04-01,2022-01-10
Canada,1,2022-05-01,,2022-04-19
Cayman Islands,1,2018-03-01,2020-08-01,2018-01-10
Cayman Islands,3,2020-09-01,2021-11-01,2020-08-06
Cayman Islands,4,2021-12-01,2022-04-01,2021-11-08
Cayman Islands,3,2022-05-01,2023-01-01,2022-04-19
Cayman Islands,1,2023-02-01,,2023-01-10
Central African Republic,4,2018-07-01,,2018-05-24
Central African Republic (CAR),4,2018-03-01,2018-06-01,2018-01-10
Chad,3,2018-03-01,2021-04-01,2018-01-10
Chad,4,2021-05-01,2021-05-01,2021-04-21
Chad,3,2021-06-01,2021-12-01,2021-05-14
Chad,4,2022-01-01,2022-03-01,2021-12-20
Chad,3,2022-04-01,2026-04-01,2022-03-28
Chad,4,2026-05-01,,2026-04-28
Chile,1,2018-03-01,2019-10-01,2018-01-10
Chile,2,2019-11-01,2020-08-01,2019-10-21
Chile,3,2020-09-01,2021-04-01,2020-08-06
Chile,4,2021-05-01,2021-08-01,2021-04-21
Chile,3,2021-09-01,2022-02-01,2021-08-16
Chile,4,2022-03-01,2022-04-01,2022-01-31
Chile,2,2022-05-01,,2022-04-19
China,2,2018-03-01,2020-01-01,2018-01-22
China,4,2020-02-01,2020-09-01,2020-02-02
China,3,2020-10-01,2023-06-01,2020-09-14
China,2,2025-01-01,,2024-11-27
Colombia,2,2018-03-01,2020-08-01,2018-01-12
Colombia,4,2020-09-01,2020-10-01,2020-08-06
Colombia,3,2020-11-01,2021-04-01,2020-10-30
Colombia,4,2021-05-01,2021-09-01,2021-04-20
Colombia,3,2021-10-01,2022-01-01,2021-09-21
Colombia,4,2022-02-01,2022-03-01,2022-01-24
Colombia,3,2022-04-01,,2022-03-22
Comoros,1,2018-03-01,2018-07-01,2018-01-10
Comoros,2,2018-08-01,2019-03-01,2018-07-27
Comoros,3,2019-04-01,2019-05-01,2019-03-29
Comoros,1,2019-06-01,2020-08-01,2019-05-02
Comoros,3,2020-09-01,2021-04-01,2020-08-06
Comoros,4,2021-05-01,2021-06-01,2021-04-20
Comoros,1,2021-07-01,2021-12-01,2021-06-28
Comoros,2,2022-01-01,2022-01-01,2021-12-20
Comoros,3,2022-02-01,2022-03-01,2022-01-31
Comoros,1,2022-04-01,2024-05-01,2022-03-21
Comoros,2,2024-06-01,,2024-05-28
Congo-Brazzaville (ROC),2,2018-03-01,2018-06-01,2018-01-10
Congo-Kinshasha (DRC),3,2018-03-01,2018-06-01,2018-02-28
Costa Rica,1,2018-03-01,2020-01-01,2018-01-10
Costa Rica,2,2020-02-01,2020-08-01,2020-01-07
Costa Rica,4,2020-09-01,2020-10-01,2020-08-06
Costa Rica,3,2020-11-01,2021-04-01,2020-10-13
Costa Rica,4,2021-05-01,2021-11-01,2021-04-20
Costa Rica,3,2021-12-01,2022-01-01,2021-11-30
Costa Rica,4,2022-02-01,2022-04-01,2022-01-24
Costa Rica,2,2022-05-01,,2022-04-19
Cote d'Ivoire,2,2018-03-01,2020-08-01,2018-01-10
Cote d'Ivoire,3,2020-09-01,2020-11-01,2020-08-06
Cote d'Ivoire,2,2020-12-01,2021-02-01,2020-11-30
Cote d'Ivoire,3,2021-03-01,2021-04-01,2021-02-01
Cote d'Ivoire,4,2021-05-01,2021-05-01,2021-04-21
Cote d'Ivoire,3,2021-06-01,2023-08-01,2021-05-10
Cote d'Ivoire,2,2023-09-01,2025-08-01,2023-08-03
Croatia,1,2018-03-01,2020-08-01,2018-01-10
Croatia,3,2020-09-01,2021-04-01,2020-08-06
Croatia,4,2021-05-01,2021-07-01,2021-04-21
Croatia,3,2021-08-01,2021-10-01,2021-07-26
Croatia,4,2021-11-01,2022-04-01,2021-10-04
Croatia,1,2022-05-01,,2022-04-19
Cuba,3,2018-03-01,2018-08-01,2018-01-10
Cuba,2,2018-09-01,2020-08-01,2018-08-23
Cuba,4,2020-09-01,2021-12-01,2020-08-06
Cuba,2,2022-01-01,2022-01-01,2021-12-27
Cuba,3,2022-02-01,2022-02-01,2022-01-18
Cuba,4,2022-03-01,2022-03-01,2022-02-07
Cuba,3,2022-04-01,2022-04-01,2022-03-14
Cuba,2,2022-05-01,,2022-04-19
Curacao,1,2018-03-01,2020-08-01,2018-01-10
Curacao,3,2020-09-01,2021-04-01,2020-08-24
Curacao,4,2021-05-01,2021-06-01,2021-04-09
Curacao,2,2021-07-01,2021-08-01,2021-06-16
Curacao,4,2021-09-01,2021-11-01,2021-08-02
Curacao,3,2021-12-01,2022-01-01,2021-11-22
Curacao,4,2022-02-01,2022-04-01,2022-01-10
Curacao,1,2022-05-01,2025-08-01,2022-04-19
Curaçao,1,2025-09-01,,2024-08-19
Cyprus,1,2018-03-01,2020-08-01,2018-01-10
Cyprus,3,2020-09-01,2021-04-01,2020-08-06
Cyprus,4,2021-05-01,2021-06-01,2021-04-20
Cyprus,3,2021-07-01,2021-07-01,2021-06-16
Cyprus,4,2021-08-01,2021-10-01,2021-07-26
Cyprus,3,2021-11-01,2021-12-01,2021-10-18
Cyprus,4,2022-01-01,2022-04-01,2021-12-06
Cyprus,1,2022-05-01,2026-03-01,2022-04-19
Cyprus,3,2026-04-01,2026-05-01,2026-03-03
Cyprus,1,2026-06-01,,2026-06-01
Czech Republic,1,2018-03-01,2020-08-01,2018-01-10
Czech Republic,3,2020-09-01,2021-04-01,2020-08-06
Czech Republic,4,2021-05-01,2021-06-01,2021-04-21
Czech Republic,3,2021-07-01,2021-07-01,2021-06-16
Czech Republic,2,2021-08-01,2021-10-01,2021-07-12
Czech Republic,3,2021-11-01,2021-11-01,2021-10-12
Czech Republic,4,2021-12-01,2022-04-01,2021-11-15
Czech Republic,1,2022-05-01,2025-04-01,2022-04-19
Czechia,1,2025-05-01,,2025-04-28
Côte d'Ivoire,2,2025-09-01,2025-10-01,2024-04-08
Côte d'Ivoire (Ivory-Coast),2,2025-11-01,,2024-04-08
Democratic Republic of the Congo,3,2018-07-01,2021-04-01,2018-02-28
Democratic Republic of the Congo,4,2021-05-01,2021-11-01,2021-04-21
Democratic Republic of the Congo,3,2021-12-01,2022-02-01,2021-11-30
Democratic Republic of the Congo,4,2022-03-01,2022-03-01,2022-02-07
Democratic Republic of the Congo,3,2022-04-01,2025-01-01,2022-03-21
Democratic Republic of the Congo,4,2025-02-01,2025-08-01,2025-01-29
Democratic Republic of the Congo (D.R.C.),4,2025-09-01,2025-09-01,2025-01-29
Democratic Republic of the Congo (D.R.C.),3,2025-10-01,2026-05-01,2025-08-12
Democratic Republic of the Congo (D.R.C.),4,2026-06-01,,2026-05-17
Denmark,2,2018-03-01,2020-08-01,2018-01-10
Denmark,3,2020-09-01,2021-04-01,2020-08-06
Denmark,4,2021-05-01,2021-06-01,2021-04-20
Denmark,3,2021-07-01,2021-11-01,2021-06-16
Denmark,4,2021-12-01,2022-04-01,2021-11-22
Denmark,2,2022-05-01,,2022-04-19
Djibouti,1,2018-03-01,2020-08-01,2018-01-10
Djibouti,3,2020-09-01,2021-02-01,2020-08-06
Djibouti,2,2021-03-01,2021-04-01,2021-02-01
Djibouti,3,2021-05-01,2021-06-01,2021-04-20
Djibouti,2,2021-07-01,2021-07-01,2021-06-16
Djibouti,1,2021-08-01,2021-10-01,2021-07-19
Djibouti,3,2021-11-01,2021-11-01,2021-10-18
Djibouti,2,2021-12-01,2021-12-01,2021-11-30
Djibouti,1,2022-01-01,2022-01-01,2021-12-06
Djibouti,3,2022-02-01,2022-03-01,2022-01-24
Djibouti,2,2022-04-01,,2022-04-01
Domincan Republic,2,2018-03-01,2018-06-01,2018-01-10
Dominica,3,2018-03-01,2018-03-01,2018-01-10
Dominica,2,2018-04-01,2018-04-01,2018-03-20
Dominica,1,2018-05-01,2019-11-01,2018-04-10
Dominica,2,2019-12-01,2020-10-01,2019-11-21
Dominica,3,2020-11-01,2021-07-01,2020-10-19
Dominica,1,2021-08-01,2021-08-01,2021-07-12
Dominica,4,2021-09-01,2022-04-01,2021-08-16
Dominica,1,2022-05-01,,2022-04-19
Dominican Republic,2,2018-07-01,2020-08-01,2018-01-10
Dominican Republic,4,2020-09-01,2020-11-01,2020-08-06
Dominican Republic,3,2020-12-01,2021-04-01,2020-11-23
Dominican Republic,4,2021-05-01,2021-06-01,2021-04-20
Dominican Republic,3,2021-07-01,2021-09-01,2021-06-16
Dominican Republic,2,2021-10-01,2021-10-01,2021-09-13
Dominican Republic,3,2021-11-01,2022-01-01,2021-10-25
Dominican Republic,4,2022-02-01,2022-03-01,2022-01-24
Dominican Republic,3,2022-04-01,2022-04-01,2022-03-14
Dominican Republic,2,2022-05-01,,2022-04-20
Ecuador,1,2018-03-01,2019-04-01,2018-01-10
Ecuador,2,2019-05-01,2020-08-01,2019-04-09
Ecuador,3,2020-09-01,2021-04-01,2020-08-06
Ecuador,4,2021-05-01,2021-06-01,2021-04-20
Ecuador,3,2021-07-01,2022-01-01,2021-06-16
Ecuador,4,2022-02-01,2022-03-01,2022-01-31
Ecuador,3,2022-04-01,2022-04-01,2022-03-28
Ecuador,2,2022-05-01,2022-06-01,2022-04-19
Ecuador,3,2022-07-01,2022-07-01,2022-06-22
Ecuador,2,2022-08-01,,2022-07-11
Egypt,2,2018-03-01,2020-08-01,2018-01-10
Egypt,4,2020-09-01,2020-09-01,2020-08-06
Egypt,3,2020-10-01,2021-04-01,2020-09-21
Egypt,4,2021-05-01,2021-06-01,2021-04-21
Egypt,3,2021-07-01,2022-01-01,2021-06-16
Egypt,4,2022-02-01,2022-04-01,2022-01-18
Egypt,3,2022-05-01,2025-07-01,2022-05-02
Egypt,2,2025-08-01,2025-08-01,2025-07-15
Egypt,3,2025-09-01,2025-09-01,2024-10-15
Egypt,2,2025-10-01,,2025-07-15
El Salvador,3,2018-03-01,2019-09-01,2018-01-10
El Salvador,2,2019-10-01,2020-03-01,2019-10-01
El Salvador,3,2020-04-01,2020-06-01,2019-01-29
El Salvador,2,2020-07-01,2020-08-01,2019-10-01
El Salvador,4,2020-09-01,2020-09-01,2020-08-06
El Salvador,3,2020-10-01,2021-06-01,2020-09-14
El Salvador,2,2021-07-01,2021-08-01,2021-06-16
El Salvador,3,2021-09-01,2024-11-01,2021-08-09
El Salvador,2,2024-12-01,2025-04-01,2024-11-08
El Salvador,1,2025-05-01,,2025-04-08
Equatorial Guinea,1,2018-03-01,2020-08-01,2018-01-10
Equatorial Guinea,3,2020-09-01,2020-12-01,2020-08-06
Equatorial Guinea,2,2021-01-01,2021-04-01,2020-12-21
Equatorial Guinea,3,2021-05-01,2021-06-01,2021-04-20
Equatorial Guinea,2,2021-07-01,2021-07-01,2021-06-16
Equatorial Guinea,1,2021-08-01,2021-09-01,2021-07-19
Equatorial Guinea,3,2021-10-01,2021-12-01,2021-09-27
Equatorial Guinea,4,2022-01-01,2022-03-01,2021-12-13
Equatorial Guinea,1,2022-04-01,2023-03-01,2022-03-14
Equatorial Guinea,2,2023-04-01,,2023-03-31
Eritrea,2,2018-03-01,2020-08-01,2018-01-10
Eritrea,3,2020-09-01,2021-04-01,2020-08-06
Eritrea,4,2021-05-01,2022-04-01,2021-04-20
Eritrea,2,2022-05-01,,2022-04-18
Estonia,1,2018-03-01,2020-08-01,2018-01-10
Estonia,3,2020-09-01,2021-04-01,2020-08-06
Estonia,4,2021-05-01,2021-07-01,2021-04-20
Estonia,3,2021-08-01,2021-08-01,2021-07-06
Estonia,4,2021-09-01,2022-04-01,2021-08-30
Estonia,1,2022-05-01,,2022-04-19
Eswatini,1,2018-06-01,2020-08-01,2018-01-10
Eswatini,4,2020-09-01,2020-09-01,2020-08-06
Eswatini,3,2020-10-01,2021-06-01,2020-09-28
Eswatini,1,2021-07-01,2021-07-01,2021-06-16
Eswatini,3,2021-08-01,2021-08-01,2021-07-30
Eswatini,4,2021-09-01,2021-10-01,2021-08-09
Eswatini,3,2021-11-01,2021-11-01,2021-10-18
Eswatini,4,2021-12-01,2022-03-01,2021-11-27
Eswatini,3,2022-04-01,2022-04-01,2022-03-03
Eswatini,2,2022-05-01,2025-08-01,2022-04-18
Eswatini (Swaziland),2,2025-09-01,,2024-07-01
Ethiopia,2,2018-03-01,2020-08-01,2018-02-16
Ethiopia,3,2020-09-01,2021-04-01,2020-08-31
Ethiopia,4,2021-05-01,2021-06-01,2021-04-21
Ethiopia,2,2021-07-01,2021-09-01,2021-06-28
Ethiopia,3,2021-10-01,2021-11-01,2021-09-16
Ethiopia,4,2021-12-01,2022-04-01,2021-11-06
Ethiopia,3,2022-05-01,,2022-04-22
Falkland Islands,2,2025-09-01,2026-04-01,2025-06-10
Falkland Islands,1,2026-05-01,,2025-05-08
Federated States of Micronesia,1,2025-02-01,,2025-01-22
Fiji,1,2018-03-01,2020-08-01,2018-01-10
Fiji,2,2020-09-01,2021-04-01,2020-08-06
Fiji,3,2021-05-01,2021-05-01,2021-04-22
Fiji,4,2021-06-01,2021-11-01,2021-05-17
Fiji,3,2021-12-01,2021-12-01,2021-11-02
Fiji,1,2022-01-01,2022-01-01,2021-12-20
Fiji,4,2022-02-01,2022-03-01,2022-01-24
Fiji,3,2022-04-01,2022-04-01,2022-03-07
Fiji,1,2022-05-01,,2022-04-18
Finland,1,2018-03-01,2020-08-01,2018-01-10
Finland,3,2020-09-01,2021-04-01,2020-08-06
Finland,4,2021-05-01,2021-06-01,2021-04-21
Finland,2,2021-07-01,2021-08-01,2021-06-16
Finland,3,2021-09-01,2021-12-01,2021-08-02
Finland,4,2022-01-01,2022-04-01,2021-12-20
Finland,1,2022-05-01,,2022-04-19
France,2,2018-07-01,2020-08-01,2018-01-10
France,3,2020-09-01,2021-04-01,2020-08-06
France,4,2021-05-01,2021-06-01,2021-04-20
France,3,2021-07-01,2021-08-01,2021-06-16
France,4,2021-09-01,2021-10-01,2021-08-09
France,3,2021-11-01,2021-12-01,2021-10-04
France,4,2022-01-01,2022-04-01,2021-12-06
France,2,2022-05-01,,2022-04-19
France (includes Monaco),2,2025-09-01,2026-03-01,2025-05-28
France *Monaco,2,2018-03-01,2018-06-01,2018-01-10
French Guiana,1,2018-03-01,2020-08-01,2018-01-10
French Guiana,4,2020-09-01,2022-04-01,2020-08-06
French Guiana,1,2022-05-01,,2022-04-19
French Polynesia,1,2018-03-01,2020-08-01,2018-01-10
French Polynesia,3,2020-09-01,2021-06-01,2020-08-31
French Polynesia,1,2021-07-01,2021-08-01,2021-06-16
French Polynesia,4,2021-09-01,2021-11-01,2021-08-09
French Polynesia,3,2021-12-01,2021-12-01,2021-11-30
French Polynesia,4,2022-01-01,2022-01-01,2021-12-28
French Polynesia,3,2022-02-01,2022-02-01,2022-01-31
French Polynesia,4,2022-03-01,2022-04-01,2022-02-14
French Polynesia,1,2022-05-01,,2022-04-18
French West Indies,1,2018-03-01,2020-08-01,2018-01-10
French West Indies,3,2020-09-01,2020-12-01,2020-08-06
French West Indies,4,2021-01-01,2021-06-01,2020-12-21
French West Indies,3,2021-07-01,2021-08-01,2021-06-16
French West Indies,4,2021-09-01,2021-10-01,2021-08-02
French West Indies,3,2021-11-01,2022-01-01,2021-10-25
French West Indies,4,2022-02-01,2022-04-01,2022-01-24
French West Indies,1,2022-05-01,,2022-04-18
Gabon,1,2018-03-01,2020-08-01,2018-01-10
Gabon,3,2020-09-01,2021-04-01,2020-08-06
Gabon,4,2021-05-01,2021-06-01,2021-04-21
Gabon,2,2021-07-01,2021-07-01,2021-06-16
Gabon,1,2021-08-01,2021-09-01,2021-07-12
Gabon,2,2021-10-01,2021-10-01,2021-09-27
Gabon,3,2021-11-01,2022-03-01,2021-10-12
Gabon,2,2022-04-01,2022-04-01,2022-03-21
Gabon,1,2022-05-01,2023-09-01,2022-04-18
Gabon,2,2023-10-01,,2023-09-28
Gaza,4,2025-09-01,2026-02-01,2025-01-17
Georgia,1,2018-03-01,2020-08-01,2018-01-10
Georgia,3,2020-09-01,2020-12-01,2020-08-06
Georgia,4,2021-01-01,2022-04-01,2020-12-14
Georgia,1,2022-05-01,,2022-04-19
Germany,2,2018-03-01,2020-08-01,2018-01-10
Germany,3,2020-09-01,2021-04-01,2020-08-06
Germany,4,2021-05-01,2021-06-01,2021-04-20
Germany,3,2021-07-01,2021-07-01,2021-06-17
Germany,2,2021-08-01,2021-08-01,2021-07-12
Germany,3,2021-09-01,2021-11-01,2021-08-30
Germany,4,2021-12-01,2022-04-01,2021-11-22
Germany,2,2022-05-01,,2022-04-19
Ghana,1,2018-03-01,2020-08-01,2018-01-10
Ghana,3,2020-09-01,2021-05-01,2020-08-06
Ghana,2,2021-06-01,2021-06-01,2021-05-17
Ghana,1,2021-07-01,2021-08-01,2021-06-17
Ghana,2,2021-09-01,2021-09-01,2021-08-09
Ghana,3,2021-10-01,2021-10-01,2021-09-29
Ghana,2,2021-11-01,2022-01-01,2021-10-18
Ghana,3,2022-02-01,2022-02-01,2022-01-18
Ghana,2,2022-03-01,,2022-02-28
Gibraltar,2,2025-09-01,,2025-06-10
Greece,1,2018-03-01,2020-08-01,2018-01-10
Greece,3,2020-09-01,2021-04-01,2020-08-06
Greece,4,2021-05-01,2021-06-01,2021-04-20
Greece,3,2021-07-01,2021-08-01,2021-06-16
Greece,4,2021-09-01,2022-04-01,2021-08-02
Greece,1,2022-05-01,,2022-04-19
Greenland,2,2024-11-01,,2024-10-29
Grenada,1,2018-03-01,2020-08-01,2018-01-10
Grenada,2,2020-09-01,2021-01-01,2020-08-31
Grenada,3,2021-02-01,2021-02-01,2021-01-12
Grenada,2,2021-03-01,2021-07-01,2021-02-22
Grenada,1,2021-08-01,2021-09-01,2021-07-12
Grenada,4,2021-10-01,2021-12-01,2021-09-13
Grenada,2,2022-01-01,2022-01-01,2021-12-20
Grenada,4,2022-02-01,2022-04-01,2022-01-18
Grenada,1,2022-05-01,2026-01-01,2022-04-19
Grenada,2,2026-02-01,,2026-01-05
Guadeloupe (French West Indies),1,2025-09-01,,2024-08-22
"Guadeloupe, Martinique, Saint Martin, and Saint Barthélemy (French West Indies)",1,2025-09-01,,2024-08-22
Guatemala,3,2018-03-01,2018-07-01,2018-01-10
Guatemala,2,2018-08-01,2020-08-01,2018-07-27
Guatemala,4,2020-09-01,2020-09-01,2020-08-06
Guatemala,3,2020-10-01,2021-04-01,2020-09-28
Guatemala,4,2021-05-01,2021-06-01,2021-04-20
Guatemala,3,2021-07-01,2021-09-01,2021-06-16
Guatemala,4,2021-10-01,2021-10-01,2021-09-13
Guatemala,3,2021-11-01,,2021-10-25
Guinea,2,2018-03-01,2020-08-01,2018-02-16
Guinea,3,2020-09-01,2021-04-01,2020-08-06
Guinea,4,2021-05-01,2021-06-01,2021-04-20
Guinea,2,2021-07-01,2022-01-01,2021-06-28
Guinea,3,2022-02-01,2022-03-01,2022-01-31
Guinea,2,2022-04-01,2023-12-01,2022-03-28
Guinea,3,2024-01-01,2024-12-01,2023-12-26
Guinea,2,2025-01-01,,2024-12-12
Guinea-Bissau,3,2018-03-01,2021-04-01,2018-01-10
Guinea-Bissau,4,2021-05-01,2021-09-01,2021-04-20
Guinea-Bissau,3,2021-10-01,,2021-09-07
Guyana,2,2018-03-01,2020-08-01,2018-01-10
Guyana,4,2020-09-01,2020-11-01,2020-08-06
Guyana,3,2020-12-01,2021-04-01,2020-11-23
Guyana,4,2021-05-01,2021-06-01,2021-04-20
Guyana,3,2021-07-01,2021-09-01,2021-06-16
Guyana,4,2021-10-01,2021-11-01,2021-09-21
Guyana,3,2021-12-01,2022-01-01,2021-11-30
Guyana,4,2022-02-01,2022-03-01,2022-01-18
Guyana,3,2022-04-01,,2022-03-22
Haiti,3,2018-03-01,2019-02-01,2018-01-10
Haiti,4,2019-03-01,2019-06-01,2019-02-14
Haiti,3,2019-07-01,2020-03-01,2019-06-11
Haiti,4,2020-04-01,,2020-03-05
Honduras,3,2018-04-01,2020-08-01,2018-01-10
Honduras,4,2020-09-01,2020-10-01,2020-08-06
Honduras,3,2020-11-01,2021-04-01,2020-10-13
Honduras,4,2021-05-01,2021-06-01,2021-04-20
Honduras,3,2021-07-01,,2021-06-16
Hong Kong,1,2018-03-01,2019-08-01,2018-01-10
Hong Kong,2,2019-09-01,2020-09-01,2019-08-14
Hong Kong,3,2020-10-01,2022-03-01,2020-09-14
Hong Kong,4,2022-04-01,2022-08-01,2022-03-07
Hong Kong,3,2022-09-01,2023-06-01,2022-08-30
Hong Kong,2,2023-07-01,,2023-06-30
Houduras,3,2018-03-01,2018-03-01,2018-01-10
Hungary,1,2018-03-01,2020-08-01,2018-01-10
Hungary,3,2020-09-01,2021-04-01,2020-08-06
Hungary,4,2021-05-01,2021-06-01,2021-04-20
Hungary,3,2021-07-01,2021-09-01,2021-06-16
Hungary,2,2021-10-01,2021-10-01,2021-09-27
Hungary,3,2021-11-01,2021-11-01,2021-10-18
Hungary,4,2021-12-01,2022-04-01,2021-11-15
Hungary,1,2022-05-01,,2022-04-19
Iceland,1,2018-03-01,2020-08-01,2018-01-10
Iceland,3,2020-09-01,2021-08-01,2020-08-06
Iceland,4,2021-09-01,2021-10-01,2021-08-09
Iceland,3,2021-11-01,2021-11-01,2021-10-04
Iceland,4,2021-12-01,2022-04-01,2021-11-15
Iceland,1,2022-05-01,,2022-04-19
India,2,2018-03-01,2020-08-01,2018-01-10
India,4,2020-09-01,2021-02-01,2020-08-06
India,2,2021-03-01,2021-04-01,2021-02-16
India,4,2021-05-01,2021-07-01,2021-04-28
India,3,2021-08-01,2021-08-01,2021-07-19
India,2,2021-09-01,2022-01-01,2021-08-16
India,3,2022-02-01,2022-03-01,2022-01-24
India,2,2022-04-01,,2022-03-28
Indonesia,2,2018-03-01,2020-03-01,2018-01-10
Indonesia,4,2020-04-01,2020-11-01,2020-03-26
Indonesia,3,2020-12-01,2021-01-01,2020-11-23
Indonesia,4,2021-02-01,2021-06-01,2021-01-12
Indonesia,3,2021-07-01,2021-07-01,2021-06-16
Indonesia,4,2021-08-01,2021-08-01,2021-07-19
Indonesia,3,2021-09-01,2022-01-01,2021-08-30
Indonesia,4,2022-02-01,2022-04-01,2022-01-25
Indonesia,2,2022-05-01,,2022-05-02
Iran,4,2018-03-01,,2018-01-10
Iraq,4,2018-03-01,,2018-01-10
Ireland,1,2018-03-01,2020-08-01,2018-01-10
Ireland,3,2020-09-01,2021-04-01,2020-08-06
Ireland,4,2021-05-01,2021-06-01,2021-04-21
Ireland,3,2021-07-01,2021-08-01,2021-06-21
Ireland,4,2021-09-01,2022-04-01,2021-08-02
Ireland,1,2022-05-01,,2022-04-19
Isle of Man,2,2025-09-01,,2025-06-10
Israel,3,2025-09-01,2026-02-01,2025-01-17
"Israel, The West Bank and Gaza",2,2018-07-01,2020-03-01,2018-01-10
"Israel, The West Bank and Gaza",3,2020-04-01,2021-06-01,2020-03-27
"Israel, The West Bank and Gaza",2,2021-07-01,2021-07-01,2021-06-17
"Israel, The West Bank and Gaza",3,2021-08-01,2021-08-01,2021-07-26
"Israel, The West Bank and Gaza",4,2021-09-01,2021-11-01,2021-08-10
"Israel, The West Bank and Gaza",3,2021-12-01,2022-01-01,2021-11-22
"Israel, The West Bank and Gaza",4,2022-02-01,2022-04-01,2022-01-18
"Israel, The West Bank and Gaza",2,2022-05-01,2022-10-01,2022-05-02
"Israel, The West Bank and Gaza",3,2025-09-01,,2025-07-01
"Israel, The West Bank, and Gaza",2,2018-03-01,2018-06-01,2018-01-10
Italy,2,2018-03-01,2020-02-01,2018-01-10
Italy,3,2020-03-01,2021-04-01,2020-02-29
Italy,4,2021-05-01,2021-06-01,2021-04-20
Italy,3,2021-07-01,2021-12-01,2021-06-16
Italy,4,2022-01-01,2022-04-01,2021-12-13
Italy,2,2022-05-01,,2022-04-25
Jamaica,2,2018-03-01,2020-08-01,2018-01-10
Jamaica,3,2020-09-01,2021-04-01,2020-08-06
Jamaica,4,2021-05-01,2021-06-01,2021-04-20
Jamaica,3,2021-07-01,2021-09-01,2021-06-28
Jamaica,4,2021-10-01,2021-11-01,2021-09-07
Jamaica,3,2021-12-01,2021-12-01,2021-11-02
Jamaica,2,2022-01-01,2022-01-01,2021-12-13
Jamaica,4,2022-02-01,2022-03-01,2022-01-24
Jamaica,3,2022-04-01,2025-05-01,2022-03-28
Jamaica,2,2025-06-01,2025-10-01,2025-05-29
Jamaica,3,2025-11-01,2026-01-01,2025-10-28
Jamaica,2,2026-02-01,,2026-01-17
Japan,1,2018-03-01,2020-02-01,2018-01-10
Japan,2,2020-03-01,2020-08-01,2020-02-22
Japan,3,2020-09-01,2021-05-01,2020-08-06
Japan,4,2021-06-01,2021-06-01,2021-05-24
Japan,3,2021-07-01,2022-02-01,2021-06-16
Japan,4,2022-03-01,2022-04-01,2022-02-07
Japan,3,2022-05-01,2022-10-01,2022-04-18
Japan,1,2022-11-01,,2022-10-11
Jerusalem,3,2025-09-01,,2025-01-17
Jordan,2,2018-03-01,2020-08-01,2018-01-10
Jordan,3,2020-09-01,2021-04-01,2020-08-06
Jordan,4,2021-05-01,2021-06-01,2021-04-21
Jordan,3,2021-07-01,2021-12-01,2021-06-16
Jordan,4,2022-01-01,2022-04-01,2021-12-06
Jordan,2,2022-05-01,2026-03-01,2022-04-18
Jordan,3,2026-04-01,2026-05-01,2026-03-02
Jordan,2,2026-06-01,,2026-05-04
Kazakhstan,1,2018-03-01,2020-08-01,2018-01-10
Kazakhstan,4,2020-09-01,2020-10-01,2020-08-06
Kazakhstan,3,2020-11-01,2021-04-01,2020-10-05
Kazakhstan,4,2021-05-01,2021-06-01,2021-04-21
Kazakhstan,3,2021-07-01,2021-08-01,2021-06-16
Kazakhstan,4,2021-09-01,2022-04-01,2021-08-02
Kazakhstan,2,2022-05-01,2023-06-01,2022-04-20
Kazakhstan,1,2023-07-01,,2023-06-30
Kenya,2,2018-03-01,2019-02-01,2018-01-10
Kenya,1,2019-03-01,2019-03-01,2018-03-29
Kenya,2,2019-04-01,2020-08-01,2019-03-27
Kenya,3,2020-09-01,2021-04-01,2020-08-06
Kenya,4,2021-05-01,2021-06-01,2021-04-20
Kenya,2,2021-07-01,2021-08-01,2021-06-16
Kenya,3,2021-09-01,2021-10-01,2021-08-09
Kenya,2,2021-11-01,2022-01-01,2021-10-18
Kenya,3,2022-02-01,2022-02-01,2022-01-04
Kenya,2,2022-03-01,,2022-02-22
Kiribati,1,2018-03-01,2020-08-01,2018-01-10
Kiribati,3,2020-09-01,2021-04-01,2020-08-06
Kiribati,4,2021-05-01,2022-04-01,2021-04-20
Kiribati,3,2022-05-01,2023-08-01,2022-04-18
Kiribati,1,2023-09-01,,2023-08-09
Kosovo,2,2018-03-01,2020-08-01,2018-02-27
Kosovo,4,2020-09-01,2020-10-01,2020-08-06
Kosovo,3,2020-11-01,2020-12-01,2020-10-14
Kosovo,4,2021-01-01,2021-06-01,2020-12-14
Kosovo,3,2021-07-01,2021-07-01,2021-06-17
Kosovo,2,2021-08-01,2021-08-01,2021-07-26
Kosovo,4,2021-09-01,2021-11-01,2021-08-23
Kosovo,3,2021-12-01,2022-01-01,2021-11-22
Kosovo,4,2022-02-01,2022-03-01,2022-01-31
Kosovo,3,2022-04-01,2022-05-01,2022-03-28
Kosovo,2,2022-06-01,,2022-05-10
Kuwait,1,2018-03-01,2020-08-01,2018-01-10
Kuwait,3,2020-09-01,2021-04-01,2020-08-06
Kuwait,4,2021-05-01,2021-09-01,2021-04-21
Kuwait,3,2021-10-01,2021-10-01,2021-09-21
Kuwait,1,2021-11-01,2022-01-01,2021-10-25
Kuwait,4,2022-02-01,2022-04-01,2022-01-24
Kuwait,1,2022-05-01,2026-03-01,2022-04-20
Kuwait,3,2026-04-01,,2026-03-02
Kyrgyzstan,1,2018-03-01,2018-06-01,2018-01-10
Kyrgyzstan,1,2025-09-01,2026-06-01,2025-04-21
Laos,1,2018-03-01,2020-08-01,2018-01-10
Laos,3,2020-09-01,2020-11-01,2020-08-06
Laos,2,2020-12-01,2021-04-01,2020-11-23
Laos,4,2021-05-01,2021-06-01,2021-04-22
Laos,3,2021-07-01,2021-08-01,2021-06-16
Laos,4,2021-09-01,2021-11-01,2021-08-30
Laos,3,2021-12-01,2022-07-01,2021-11-02
Laos,2,2022-08-01,,2022-07-25
Latvia,1,2018-03-01,2020-08-01,2018-01-10
Latvia,3,2020-09-01,2021-04-01,2020-08-06
Latvia,4,2021-05-01,2021-07-01,2021-04-20
Latvia,3,2021-08-01,2021-10-01,2021-06-17
Latvia,4,2021-11-01,2022-04-01,2021-10-04
Latvia,1,2022-05-01,,2022-04-19
Lebanon,3,2018-03-01,2021-04-01,2018-01-10
Lebanon,4,2021-05-01,2021-06-01,2021-04-21
Lebanon,3,2021-07-01,2021-08-01,2021-06-16
Lebanon,4,2021-09-01,2022-04-01,2021-08-23
Lebanon,3,2022-05-01,2023-10-01,2022-04-18
Lebanon,4,2023-11-01,2024-01-01,2023-10-17
Lebanon,3,2024-02-01,2024-07-01,2024-01-29
Lebanon,4,2024-08-01,,2024-07-31
Lesotho,1,2018-03-01,2020-08-01,2018-01-10
Lesotho,3,2020-09-01,2021-04-01,2020-08-06
Lesotho,4,2021-05-01,2021-06-01,2021-04-20
Lesotho,3,2021-07-01,2021-08-01,2021-06-16
Lesotho,4,2021-09-01,2021-10-01,2021-08-02
Lesotho,3,2021-11-01,2021-11-01,2021-10-04
Lesotho,4,2021-12-01,2022-01-01,2021-11-27
Lesotho,3,2022-02-01,2022-02-01,2022-01-10
Lesotho,2,2022-03-01,2022-03-01,2022-02-28
Lesotho,1,2022-04-01,2024-09-01,2022-03-07
Lesotho,2,2024-10-01,,2024-09-17
Liberia,1,2018-03-01,2020-08-01,2018-01-10
Liberia,3,2020-09-01,2021-04-01,2020-08-31
Liberia,2,2021-05-01,2021-06-01,2021-04-21
Liberia,4,2021-07-01,2021-08-01,2021-06-28
Liberia,3,2021-09-01,2021-11-01,2021-08-02
Liberia,2,2021-12-01,2022-01-01,2021-11-15
Liberia,3,2022-02-01,2022-02-01,2022-01-31
Liberia,2,2022-03-01,,2022-02-28
Libya,4,2018-03-01,,2018-01-10
Liechtenstein,1,2019-11-01,2020-08-01,2019-10-08
Liechtenstein,3,2020-09-01,2021-04-01,2020-08-06
Liechtenstein,4,2021-05-01,2021-06-01,2021-04-21
Liechtenstein,2,2021-07-01,2021-07-01,2021-06-17
Liechtenstein,1,2021-08-01,2021-08-01,2021-07-06
Liechtenstein,3,2021-09-01,2021-12-01,2021-08-23
Liechtenstein,4,2022-01-01,2022-04-01,2021-12-06
Liechtenstein,1,2022-05-01,,2022-04-19
Liechtenstien,1,2019-10-01,2019-10-01,2019-10-08
Lithuania,1,2018-03-01,2020-08-01,2018-01-10
Lithuania,3,2020-09-01,2021-04-01,2020-08-06
Lithuania,4,2021-05-01,2021-07-01,2021-04-20
Lithuania,3,2021-08-01,2021-09-01,2021-07-12
Lithuania,4,2021-10-01,2022-04-01,2021-09-13
Lithuania,1,2022-05-01,,2022-04-18
Luxembourg,1,2018-03-01,2020-08-01,2018-01-10
Luxembourg,3,2020-09-01,2021-04-01,2020-08-06
Luxembourg,4,2021-05-01,2021-06-01,2021-04-20
Luxembourg,3,2021-07-01,2021-11-01,2021-06-17
Luxembourg,4,2021-12-01,2022-04-01,2021-11-08
Luxembourg,1,2022-05-01,,2022-04-25
Macau,1,2018-03-01,2020-01-01,2018-01-10
Macau,2,2020-02-01,2020-08-01,2020-01-31
Macau,1,2020-09-01,2021-04-01,2020-08-06
Macau,4,2021-05-01,2022-04-01,2021-04-21
Macau,3,2022-05-01,2025-08-01,2022-04-18
Macau,2,2025-09-01,,2024-11-27
Macedonia,1,2018-03-01,2019-02-01,2018-01-10
Madagascar,1,2018-03-01,2018-07-01,2018-01-10
Madagascar,2,2018-08-01,2020-08-01,2018-07-31
Madagascar,3,2020-09-01,2021-04-01,2020-08-06
Madagascar,4,2021-05-01,2021-09-01,2021-04-20
Madagascar,3,2021-10-01,2021-11-01,2021-09-07
Madagascar,4,2021-12-01,2022-01-01,2021-11-08
Madagascar,3,2022-02-01,2022-04-01,2022-01-18
Madagascar,2,2022-05-01,2025-09-01,2022-04-18
Madagascar,3,2025-10-01,2025-12-01,2025-09-27
Madagascar,2,2026-01-01,,2025-12-04
Malawi,1,2018-03-01,2019-08-01,2018-01-10
Malawi,2,2019-09-01,2020-08-01,2019-08-22
Malawi,4,2020-09-01,2020-10-01,2020-08-06
Malawi,3,2020-11-01,2021-06-01,2020-11-02
Malawi,1,2021-07-01,2021-07-01,2021-06-16
Malawi,4,2021-08-01,2021-08-01,2021-07-06
Malawi,3,2021-09-01,2021-11-01,2021-08-09
Malawi,4,2021-12-01,2022-01-01,2021-11-27
Malawi,3,2022-02-01,2022-03-01,2022-01-18
Malawi,2,2022-04-01,2022-04-01,2022-03-28
Malawi,1,2022-05-01,2022-06-01,2022-04-18
Malawi,2,2022-07-01,,2022-06-10
Malaysia,1,2018-03-01,2020-08-01,2018-01-10
Malaysia,3,2020-09-01,2021-04-01,2020-08-17
Malaysia,4,2021-05-01,2021-12-01,2021-04-20
Malaysia,3,2022-01-01,2022-02-01,2021-12-13
Malaysia,4,2022-03-01,2022-04-01,2022-02-22
Malaysia,1,2022-05-01,,2022-04-18
Maldives,2,2018-03-01,2020-08-01,2018-02-06
Maldives,3,2020-09-01,2021-04-01,2020-08-06
Maldives,4,2021-05-01,2022-04-01,2021-04-21
Maldives,2,2022-05-01,,2022-04-18
Mali,4,2018-03-01,,2018-01-10
Malta,1,2018-03-01,2020-08-01,2018-01-10
Malta,3,2020-09-01,2021-04-01,2020-08-06
Malta,4,2021-05-01,2021-06-01,2021-04-20
Malta,1,2021-07-01,2021-07-01,2021-06-17
Malta,3,2021-08-01,2021-08-01,2021-07-27
Malta,4,2021-09-01,2021-09-01,2021-08-02
Malta,3,2021-10-01,2021-12-01,2021-09-07
Malta,4,2022-01-01,2022-04-01,2021-12-28
Malta,1,2022-05-01,,2022-04-19
Marshall Islands,1,2018-03-01,2020-08-01,2018-01-10
Marshall Islands,2,2020-09-01,2021-04-01,2020-08-17
Marshall Islands,3,2021-05-01,2021-08-01,2021-04-21
Marshall Islands,4,2021-09-01,2021-11-01,2021-08-02
Marshall Islands,3,2021-12-01,2023-05-01,2021-11-02
Marshall Islands,1,2023-06-01,,2023-05-23
Martinique (French West Indies),1,2025-09-01,,2024-08-22
Mauritania,3,2018-03-01,2019-12-01,2018-02-22
Mauritania,2,2020-01-01,2020-08-01,2019-12-26
Mauritania,3,2020-09-01,2021-03-01,2020-08-06
Mauritania,2,2021-04-01,2021-08-01,2021-03-22
Mauritania,3,2021-09-01,2021-10-01,2021-08-09
Mauritania,2,2021-11-01,2022-01-01,2021-10-12
Mauritania,3,2022-02-01,,2022-01-18
Mauritius,1,2018-03-01,2020-08-01,2018-01-18
Mauritius,2,2020-09-01,2020-10-01,2020-08-06
Mauritius,3,2020-11-01,2020-11-01,2020-10-26
Mauritius,2,2020-12-01,2021-03-01,2020-11-23
Mauritius,3,2021-04-01,2021-09-01,2021-03-16
Mauritius,4,2021-10-01,2021-10-01,2021-09-13
Mauritius,3,2021-11-01,2021-12-01,2021-10-25
Mauritius,4,2022-01-01,2022-02-01,2021-12-13
Mauritius,3,2022-03-01,2022-03-01,2022-02-14
Mauritius,4,2022-04-01,2022-04-01,2022-03-14
Mauritius,1,2022-05-01,2025-12-01,2022-04-18
Mauritius,2,2026-01-01,,2025-12-08
Mexico,2,2018-03-01,2020-08-01,2018-01-10
Mexico,4,2020-09-01,2020-09-01,2020-08-06
Mexico,3,2020-10-01,2021-04-01,2020-09-08
Mexico,4,2021-05-01,2021-06-01,2021-04-20
Mexico,3,2021-07-01,2022-01-01,2021-06-17
Mexico,4,2022-02-01,2022-03-01,2022-01-31
Mexico,3,2022-04-01,2022-04-01,2022-03-16
Mexico,2,2025-09-01,,2025-08-12
Micronesia,1,2018-03-01,2020-03-01,2018-01-10
Micronesia,3,2020-04-01,2020-08-01,2020-03-18
Micronesia,2,2020-09-01,2021-04-01,2020-08-24
Micronesia,3,2021-05-01,2023-05-01,2021-04-21
Micronesia,1,2023-06-01,2025-01-01,2023-05-08
Moldova,1,2018-03-01,2020-08-01,2018-01-10
Moldova,3,2020-09-01,2021-04-01,2020-08-06
Moldova,4,2021-05-01,2021-06-01,2021-04-20
Moldova,2,2021-07-01,2021-08-01,2021-06-17
Moldova,3,2021-09-01,2021-10-01,2021-08-30
Moldova,4,2021-11-01,2022-06-01,2021-10-12
Moldova,3,2022-07-01,2022-10-01,2022-06-21
Moldova,2,2022-11-01,,2022-10-28
Monaco,2,2025-09-01,,2025-05-28
Mongolia,1,2018-03-01,2020-02-01,2018-01-10
Mongolia,3,2020-03-01,2020-03-01,2020-02-26
Mongolia,4,2020-04-01,2020-09-01,2020-03-18
Mongolia,3,2020-10-01,2020-10-01,2020-09-14
Mongolia,2,2020-11-01,2020-12-01,2020-10-13
Mongolia,3,2021-01-01,2021-04-01,2020-12-14
Mongolia,4,2021-05-01,2022-04-01,2021-04-20
Mongolia,1,2022-05-01,,2022-04-21
Montenegro,1,2018-03-01,2020-08-01,2018-01-10
Montenegro,3,2020-09-01,2021-02-01,2020-08-06
Montenegro,4,2021-03-01,2021-06-01,2021-02-16
Montenegro,3,2021-07-01,2021-08-01,2021-06-17
Montenegro,4,2021-09-01,2022-04-01,2021-08-16
Montenegro,1,2022-05-01,,2022-04-19
Montserrat,1,2018-03-01,2020-08-01,2018-01-10
Montserrat,3,2020-09-01,2021-04-01,2020-08-31
Montserrat,2,2021-05-01,2021-07-01,2021-04-21
Montserrat,1,2021-08-01,2022-01-01,2021-07-07
Montserrat,2,2022-02-01,2022-04-01,2022-01-18
Montserrat,1,2022-05-01,,2022-04-19
Morocco,1,2018-03-01,2019-04-01,2018-01-10
Morocco,2,2019-05-01,2020-08-01,2019-04-02
Morocco,3,2020-09-01,2021-06-01,2020-08-06
Morocco,2,2021-07-01,2021-08-01,2021-06-28
Morocco,4,2021-09-01,2021-10-01,2021-08-23
Morocco,3,2021-11-01,2021-11-01,2021-10-04
Morocco,2,2021-12-01,2021-12-01,2021-11-15
Morocco,4,2022-01-01,2022-03-01,2021-12-01
Morocco,2,2022-04-01,,2022-03-21
Mozambique,1,2018-03-01,2020-05-01,2018-01-10
Mozambique,2,2020-06-01,2020-08-01,2020-05-22
Mozambique,3,2020-09-01,2021-04-01,2020-08-07
Mozambique,4,2021-05-01,2021-05-01,2021-04-20
Mozambique,3,2021-06-01,2021-06-01,2021-05-10
Mozambique,4,2021-07-01,2021-08-01,2021-06-28
Mozambique,3,2021-09-01,2021-11-01,2021-08-16
Mozambique,4,2021-12-01,2022-01-01,2021-11-27
Mozambique,3,2022-02-01,2022-03-01,2022-01-18
Mozambique,2,2022-04-01,2024-12-01,2022-03-21
Mozambique,3,2025-01-01,2025-06-01,2024-12-19
Mozambique,2,2025-07-01,,2025-06-16
Namibia,1,2018-03-01,2020-08-01,2018-01-10
Namibia,4,2020-09-01,2020-10-01,2020-08-06
Namibia,3,2020-11-01,2021-04-01,2020-10-13
Namibia,4,2021-05-01,2021-08-01,2021-04-20
Namibia,3,2021-09-01,2021-10-01,2021-08-30
Namibia,2,2021-11-01,2021-11-01,2021-10-25
Namibia,4,2021-12-01,2022-02-01,2021-11-27
Namibia,3,2022-03-01,2022-03-01,2022-02-22
Namibia,1,2022-04-01,2023-11-01,2022-03-28
Namibia,2,2023-12-01,,2023-11-27
Nauru,1,2018-03-01,2020-08-01,2018-01-10
Nauru,3,2020-09-01,2020-11-01,2020-08-06
Nauru,2,2020-12-01,2021-04-01,2020-11-23
Nauru,4,2021-05-01,2022-04-01,2021-04-20
Nauru,1,2022-05-01,,2022-04-18
Nepal,2,2018-03-01,2020-08-01,2018-01-10
Nepal,3,2020-09-01,2021-05-01,2020-08-06
Nepal,4,2021-06-01,2021-10-01,2021-05-10
Nepal,3,2021-11-01,2021-11-01,2021-10-04
Nepal,2,2021-12-01,2022-01-01,2021-11-08
Nepal,3,2022-02-01,2022-03-01,2022-01-31
Nepal,2,2022-04-01,2025-09-01,2022-03-21
Nepal,3,2025-10-01,2026-03-01,2025-09-11
Nepal,2,2026-04-01,,2026-03-31
Netherlands,1,2018-03-01,2018-09-01,2018-01-10
Netherlands,2,2018-10-01,2020-08-01,2018-09-28
Netherlands,3,2020-09-01,2021-04-01,2020-08-06
Netherlands,4,2021-05-01,2021-09-01,2021-04-20
Netherlands,3,2021-10-01,2021-11-01,2021-09-07
Netherlands,4,2021-12-01,2022-04-01,2021-11-08
Netherlands,2,2022-05-01,,2022-04-19
New Caledonia,1,2018-03-01,2020-08-01,2018-01-10
New Caledonia,2,2020-09-01,2021-04-01,2020-08-06
New Caledonia,3,2021-05-01,2021-10-01,2021-04-21
New Caledonia,4,2021-11-01,2022-04-01,2021-10-04
New Caledonia,1,2022-05-01,2024-05-01,2022-04-18
New Caledonia,3,2024-06-01,2026-05-01,2024-06-04
New Caledonia,2,2026-06-01,,2026-05-21
New Zealand,1,2018-03-01,2020-08-01,2018-01-10
New Zealand,2,2020-09-01,2020-11-01,2020-08-06
New Zealand,1,2020-12-01,2021-04-01,2020-11-23
New Zealand,3,2021-05-01,2022-03-01,2021-04-21
New Zealand,4,2022-04-01,2022-04-01,2022-03-07
New Zealand,3,2022-05-01,2022-05-01,2022-04-18
New Zealand,1,2022-06-01,,2022-05-09
Nicaragua,2,2018-03-01,2018-04-01,2018-01-10
Nicaragua,3,2018-05-01,2020-08-01,2018-04-23
Nicaragua,4,2020-09-01,2020-09-01,2020-08-06
Nicaragua,3,2020-10-01,2021-04-01,2020-09-28
Nicaragua,4,2021-05-01,2022-04-01,2021-04-20
Nicaragua,3,2022-05-01,,2022-04-19
Niger,3,2018-03-01,2021-04-01,2018-01-10
Niger,4,2021-05-01,2021-06-01,2021-04-21
Niger,3,2021-07-01,2021-11-01,2021-06-16
Niger,4,2021-12-01,2022-03-01,2021-11-30
Niger,3,2022-04-01,2023-08-01,2022-03-07
Niger,4,2023-09-01,2024-01-01,2023-08-02
Niger,3,2024-02-01,2025-10-01,2024-01-08
Niger,4,2025-11-01,,2025-10-31
Nigeria,3,2018-03-01,,2018-01-10
North Korea,4,2018-03-01,2018-06-01,2018-01-10
North Korea (Democratic People's Republic of Korea),4,2018-07-01,,2018-01-10
North Macedonia,1,2019-03-01,2020-08-01,2018-12-26
North Macedonia,3,2020-09-01,2021-04-01,2020-08-06
North Macedonia,4,2021-05-01,2021-06-01,2021-04-20
North Macedonia,3,2021-07-01,2021-07-01,2021-06-17
North Macedonia,1,2021-08-01,2021-08-01,2021-07-12
North Macedonia,4,2021-09-01,2022-04-01,2021-08-30
North Macedonia,1,2022-05-01,2025-08-01,2022-04-19
Norway,1,2018-03-01,2020-08-01,2018-01-10
Norway,3,2020-09-01,2021-04-01,2020-08-06
Norway,4,2021-05-01,2021-06-01,2021-04-20
Norway,3,2021-07-01,2021-09-01,2021-06-17
Norway,4,2021-10-01,2022-04-01,2021-09-27
Norway,1,2022-05-01,,2022-04-19
Oman,1,2018-03-01,2020-08-01,2018-01-10
Oman,4,2020-09-01,2021-02-01,2020-08-06
Oman,3,2021-03-01,2021-04-01,2021-03-01
Oman,4,2021-05-01,2021-08-01,2021-04-21
Oman,3,2021-09-01,2021-10-01,2021-08-31
Oman,2,2021-11-01,2022-01-01,2021-10-25
Oman,3,2022-02-01,2022-02-01,2022-01-31
Oman,4,2022-03-01,2022-04-01,2022-02-07
Oman,2,2022-05-01,2026-03-01,2022-04-25
Oman,3,2026-04-01,,2026-03-13
Pakistan,3,2018-03-01,2020-08-01,2018-01-10
Pakistan,4,2020-09-01,2020-09-01,2020-08-06
Pakistan,3,2020-10-01,2021-04-01,2020-09-08
Pakistan,4,2021-05-01,2021-07-01,2021-04-20
Pakistan,3,2021-08-01,,2021-07-19
Palau,1,2018-03-01,2020-08-01,2018-01-10
Palau,2,2020-09-01,2022-04-01,2020-08-17
Palau,1,2022-05-01,,2022-04-18
Panama,1,2018-03-01,2020-08-01,2018-01-10
Panama,4,2020-09-01,2020-10-01,2020-08-06
Panama,3,2020-11-01,2021-04-01,2020-10-26
Panama,4,2021-05-01,2021-06-01,2021-04-20
Panama,3,2021-07-01,2021-07-01,2021-06-16
Panama,4,2021-08-01,2021-09-01,2021-07-12
Panama,3,2021-10-01,2022-01-01,2021-09-27
Panama,4,2022-02-01,2022-04-01,2022-01-18
Panama,3,2022-05-01,2022-10-01,2022-04-20
Panama,2,2022-11-01,,2022-10-05
Papua New Guinea,2,2018-03-01,2020-08-01,2018-01-10
Papua New Guinea,3,2020-09-01,2020-11-01,2020-08-06
Papua New Guinea,2,2020-12-01,2021-04-01,2020-11-23
Papua New Guinea,4,2021-05-01,2022-07-01,2021-04-20
Papua New Guinea,3,2022-08-01,,2022-07-11
Paraguay,1,2018-03-01,2020-08-01,2018-01-10
Paraguay,3,2020-09-01,2021-04-01,2020-08-06
Paraguay,4,2021-05-01,2021-08-01,2021-04-20
Paraguay,3,2021-09-01,2021-10-01,2021-08-23
Paraguay,1,2021-11-01,2022-01-01,2021-10-18
Paraguay,4,2022-02-01,2022-04-01,2022-01-31
Paraguay,1,2022-05-01,,2022-05-02
Peru,1,2018-03-01,2019-07-01,2018-01-10
Peru,2,2019-08-01,2020-03-01,2019-07-18
Peru,1,2020-04-01,2020-06-01,2018-01-10
Peru,2,2020-07-01,2020-08-01,2019-10-22
Peru,4,2020-09-01,2020-11-01,2020-08-06
Peru,3,2020-12-01,2021-04-01,2020-11-23
Peru,4,2021-05-01,2021-06-01,2021-04-20
Peru,3,2021-07-01,2021-10-01,2021-06-16
Peru,2,2021-11-01,2021-12-01,2021-10-04
Peru,3,2022-01-01,2022-01-01,2021-12-20
Peru,4,2022-02-01,2022-03-01,2022-01-31
Peru,3,2022-04-01,2022-04-01,2022-03-28
Peru,2,2022-05-01,2022-06-01,2022-04-27
Peru,3,2022-07-01,2023-05-01,2022-06-29
Peru,2,2023-06-01,,2023-06-01
Philippines,2,2018-04-01,2019-02-01,2018-01-24
Philippines,1,2019-03-01,2019-03-01,2018-04-13
Philippines,2,2019-04-01,2020-08-01,2018-04-13
Philippines,3,2020-09-01,2021-04-01,2020-08-06
Philippines,4,2021-05-01,2021-06-01,2021-04-20
Philippines,3,2021-07-01,2021-12-01,2021-06-16
Philippines,2,2022-01-01,2022-01-01,2021-12-13
Philippines,4,2022-02-01,2022-03-01,2022-01-31
Philippines,3,2022-04-01,2022-04-01,2022-03-28
Philippines,2,2022-05-01,,2022-04-18
Phillippines,2,2018-03-01,2018-03-01,2018-01-24
Poland,1,2018-03-01,2020-08-01,2018-01-10
Poland,3,2020-09-01,2021-04-01,2020-08-06
Poland,4,2021-05-01,2021-06-01,2021-04-20
Poland,3,2021-07-01,2021-11-01,2021-06-17
Poland,4,2021-12-01,2022-04-01,2021-11-30
Poland,3,2022-05-01,2022-06-01,2022-04-19
Poland,1,2022-07-01,,2022-06-06
Portugal,1,2018-03-01,2020-08-01,2018-01-10
Portugal,3,2020-09-01,2021-04-01,2020-08-06
Portugal,4,2021-05-01,2021-06-01,2021-04-20
Portugal,3,2021-07-01,2021-07-01,2021-06-17
Portugal,4,2021-08-01,2021-10-01,2021-07-26
Portugal,3,2021-11-01,2021-12-01,2021-10-04
Portugal,4,2022-01-01,2022-04-01,2021-12-06
Portugal,1,2022-05-01,,2022-04-19
Qatar,1,2018-03-01,2020-08-01,2018-01-10
Qatar,3,2020-09-01,2021-04-01,2020-08-06
Qatar,4,2021-05-01,2021-06-01,2021-04-21
Qatar,3,2021-07-01,2022-01-01,2021-06-16
Qatar,4,2022-02-01,2022-03-01,2022-01-18
Qatar,3,2022-04-01,2022-04-01,2022-03-28
Qatar,1,2022-05-01,2026-03-01,2022-04-18
Qatar,3,2026-04-01,,2026-03-02
Republic of North Macedonia,1,2025-09-01,,2025-01-14
Republic of the Congo,2,2018-07-01,2020-08-01,2018-04-03
Republic of the Congo,3,2020-09-01,2021-04-01,2020-08-06
Republic of the Congo,4,2021-05-01,2021-06-01,2021-04-20
Republic of the Congo,2,2021-07-01,2021-07-01,2021-06-21
Republic of the Congo,4,2021-08-01,2021-08-01,2021-07-06
Republic of the Congo,2,2021-09-01,2021-11-01,2021-08-24
Republic of the Congo,3,2021-12-01,2021-12-01,2021-11-08
Republic of the Congo,2,2022-01-01,2022-01-01,2021-12-13
Republic of the Congo,3,2022-02-01,2022-02-01,2022-01-24
Republic of the Congo,2,2022-03-01,,2022-02-28
Romania,1,2018-03-01,2020-08-01,2018-01-10
Romania,3,2020-09-01,2021-04-01,2020-08-06
Romania,4,2021-05-01,2021-06-01,2021-04-20
Romania,3,2021-07-01,2021-07-01,2021-06-17
Romania,1,2021-08-01,2021-08-01,2021-07-12
Romania,2,2021-09-01,2021-09-01,2021-08-30
Romania,3,2021-10-01,2021-10-01,2021-09-13
Romania,4,2021-11-01,2022-04-01,2021-10-12
Romania,1,2022-05-01,,2022-04-19
Russia,3,2018-03-01,2018-12-01,2018-01-10
Russia,2,2019-01-01,2020-08-01,2018-12-10
Russia,4,2020-09-01,,2020-08-06
Rwanda,1,2018-03-01,2020-08-01,2018-01-10
Rwanda,3,2020-09-01,2020-11-01,2020-08-06
Rwanda,2,2020-12-01,2021-01-01,2020-11-23
Rwanda,3,2021-02-01,2021-04-01,2021-01-12
Rwanda,2,2021-05-01,2021-07-01,2021-04-21
Rwanda,4,2021-08-01,2021-08-01,2021-07-06
Rwanda,3,2021-09-01,2021-10-01,2021-08-30
Rwanda,2,2021-11-01,2022-01-01,2021-10-12
Rwanda,3,2022-02-01,2022-02-01,2022-01-10
Rwanda,2,2022-03-01,2022-03-01,2022-02-28
Rwanda,1,2022-04-01,2024-10-01,2022-03-07
Rwanda,3,2024-11-01,2024-11-01,2024-10-07
Rwanda,2,2024-12-01,2026-05-01,2024-11-22
Rwanda,3,2026-06-01,,2026-05-17
Saba,1,2021-07-01,2022-01-01,2021-06-16
Saba,3,2022-02-01,2022-02-01,2022-01-18
Saba,4,2022-03-01,2022-03-01,2022-02-28
Saba,1,2022-04-01,,2022-03-14
Saint Barthélemy (French West Indies),1,2025-09-01,,2024-08-22
Saint Kitts and Nevis,1,2018-03-01,2020-08-01,2018-01-10
Saint Kitts and Nevis,3,2020-09-01,2020-11-01,2020-08-17
Saint Kitts and Nevis,2,2020-12-01,2021-06-01,2020-11-23
Saint Kitts and Nevis,3,2021-07-01,2021-09-01,2021-06-28
Saint Kitts and Nevis,4,2021-10-01,2021-12-01,2021-09-13
Saint Kitts and Nevis,3,2022-01-01,2022-01-01,2021-12-06
Saint Kitts and Nevis,4,2022-02-01,2022-03-01,2022-01-18
Saint Kitts and Nevis,2,2022-04-01,2022-04-01,2022-03-28
Saint Kitts and Nevis,1,2022-05-01,,2022-04-19
Saint Lucia,1,2018-03-01,2020-08-01,2018-01-10
Saint Lucia,2,2020-09-01,2020-12-01,2020-08-31
Saint Lucia,3,2021-01-01,2021-04-01,2020-12-07
Saint Lucia,4,2021-05-01,2021-06-01,2021-04-20
Saint Lucia,3,2021-07-01,2021-08-01,2021-06-16
Saint Lucia,4,2021-09-01,2021-11-01,2021-08-30
Saint Lucia,3,2021-12-01,2022-01-01,2021-11-30
Saint Lucia,4,2022-02-01,2022-04-01,2022-01-18
Saint Lucia,1,2022-05-01,,2022-04-19
Saint Martin (French West Indies),1,2025-09-01,,2024-08-22
Saint Vincent and The Grenadines,1,2018-07-01,2020-08-01,2018-01-10
Saint Vincent and The Grenadines,3,2020-09-01,2020-10-01,2020-08-06
Saint Vincent and The Grenadines,2,2020-11-01,2021-01-01,2020-10-19
Saint Vincent and The Grenadines,3,2021-02-01,2021-04-01,2021-01-19
Saint Vincent and The Grenadines,4,2021-05-01,2021-06-01,2021-04-20
Saint Vincent and The Grenadines,3,2021-07-01,2021-10-01,2021-06-16
Saint Vincent and The Grenadines,4,2021-11-01,2021-12-01,2021-10-12
Saint Vincent and The Grenadines,3,2022-01-01,2022-01-01,2021-12-20
Saint Vincent and The Grenadines,4,2022-02-01,2022-03-01,2022-01-31
Saint Vincent and The Grenadines,3,2022-04-01,2022-04-01,2022-03-14
Saint Vincent and The Grenadines,1,2022-05-01,2025-08-01,2022-04-18
Saint Vincent and the Grenadines,1,2018-03-01,2018-06-01,2018-01-10
Saint Vincent and the Grenadines,1,2025-09-01,,2024-12-06
Samoa,1,2018-03-01,2020-08-01,2018-01-10
Samoa,3,2020-09-01,2020-11-01,2020-08-06
Samoa,2,2020-12-01,2021-04-01,2020-11-23
Samoa,3,2021-05-01,2021-06-01,2021-04-21
Samoa,4,2021-07-01,2022-04-01,2021-06-16
Samoa,3,2022-05-01,2022-10-01,2022-04-18
Samoa,1,2022-11-01,,2022-10-24
San Marino,2,2025-09-01,,2025-05-23
Sao Tome & Principe,1,2018-03-01,2018-06-01,2018-01-10
Sao Tome and Principe,1,2018-07-01,2020-08-01,2018-01-10
Sao Tome and Principe,3,2020-09-01,2021-04-01,2020-08-31
Sao Tome and Principe,4,2021-05-01,2021-08-01,2021-04-26
Sao Tome and Principe,2,2021-09-01,2021-09-01,2021-08-16
Sao Tome and Principe,3,2021-10-01,2021-12-01,2021-09-21
Sao Tome and Principe,2,2022-01-01,2022-01-01,2021-12-28
Sao Tome and Principe,4,2022-02-01,2022-02-01,2022-01-18
Sao Tome and Principe,3,2022-03-01,2022-03-01,2022-02-28
Sao Tome and Principe,1,2022-04-01,2025-10-01,2022-03-14
Sao Tome and Principe,2,2025-11-01,2026-04-01,2025-10-08
Sao Tome and Principe,3,2026-05-01,,2026-04-08
Saudi Arabia,2,2018-03-01,2020-08-01,2018-01-10
Saudi Arabia,3,2020-09-01,2021-04-01,2020-08-31
Saudi Arabia,4,2021-05-01,2022-04-01,2021-04-21
Saudi Arabia,3,2022-05-01,2024-09-01,2022-04-18
Saudi Arabia,2,2024-10-01,2026-03-01,2024-09-09
Saudi Arabia,3,2026-04-01,,2026-03-13
Senegal,1,2018-03-01,2019-02-01,2018-01-10
Senegal,2,2019-03-01,2019-04-01,2019-02-20
Senegal,1,2019-05-01,2020-08-01,2019-04-25
Senegal,3,2020-09-01,2021-06-01,2020-08-06
Senegal,1,2021-07-01,2021-07-01,2021-06-16
Senegal,2,2021-08-01,2021-08-01,2021-07-12
Senegal,3,2021-09-01,2021-10-01,2021-08-02
Senegal,1,2021-11-01,2022-01-01,2021-10-18
Senegal,3,2022-02-01,2022-03-01,2022-01-24
Senegal,1,2022-04-01,,2022-03-14
Serbia,1,2018-03-01,2018-12-01,2018-01-10
Serbia,2,2019-01-01,2020-08-01,2018-12-31
Serbia,3,2020-09-01,2021-04-01,2020-08-06
Serbia,4,2021-05-01,2021-06-01,2021-04-20
Serbia,3,2021-07-01,2021-07-01,2021-06-17
Serbia,2,2021-08-01,2021-08-01,2021-07-12
Serbia,3,2021-09-01,2021-09-01,2021-08-23
Serbia,4,2021-10-01,2022-04-01,2021-09-13
Serbia,2,2022-05-01,,2022-04-19
Seychelles,1,2018-03-01,2020-08-01,2018-01-10
Seychelles,3,2020-09-01,2020-11-01,2020-08-06
Seychelles,2,2020-12-01,2021-02-01,2020-11-23
Seychelles,3,2021-03-01,2021-04-01,2021-02-01
Seychelles,4,2021-05-01,2022-04-01,2021-04-20
Seychelles,1,2022-05-01,,2022-04-19
Sierra Leone,2,2018-03-01,2020-08-01,2018-01-10
Sierra Leone,3,2020-09-01,2021-07-01,2020-08-31
Sierra Leone,4,2021-08-01,2021-08-01,2021-07-06
Sierra Leone,3,2021-09-01,2021-12-01,2021-08-30
Sierra Leone,2,2022-01-01,2022-02-01,2021-12-21
Sierra Leone,3,2022-03-01,2022-04-01,2022-02-16
Sierra Leone,2,2022-05-01,,2022-04-19
Singapore,1,2018-03-01,2020-08-01,2018-01-10
Singapore,3,2020-09-01,2020-12-01,2020-08-06
Singapore,1,2021-01-01,2021-01-01,2020-12-14
Singapore,2,2021-02-01,2021-06-01,2021-01-25
Singapore,1,2021-07-01,2021-08-01,2021-06-16
Singapore,2,2021-09-01,2021-09-01,2021-08-09
Singapore,3,2021-10-01,2021-10-01,2021-09-27
Singapore,4,2021-11-01,2022-04-01,2021-10-18
Singapore,1,2022-05-01,,2022-04-18
Sint Eustatius,3,2021-07-01,2022-04-01,2021-06-16
Sint Eustatius,1,2022-05-01,,2022-04-18
Sint Maarten,1,2018-03-01,2020-08-01,2018-01-10
Sint Maarten,3,2020-09-01,2021-08-01,2020-08-06
Sint Maarten,4,2021-09-01,2021-11-01,2021-08-23
Sint Maarten,3,2021-12-01,2021-12-01,2021-11-08
Sint Maarten,2,2022-01-01,2022-01-01,2021-12-13
Sint Maarten,4,2022-02-01,2022-03-01,2022-01-18
Sint Maarten,3,2022-04-01,2022-04-01,2022-03-14
Sint Maarten,1,2022-05-01,,2022-04-18
Slovakia,1,2018-03-01,2020-08-01,2018-01-10
Slovakia,3,2020-09-01,2021-04-01,2020-08-06
Slovakia,4,2021-05-01,2021-06-01,2021-04-20
Slovakia,3,2021-07-01,2021-07-01,2021-06-17
Slovakia,1,2021-08-01,2021-09-01,2021-07-19
Slovakia,3,2021-10-01,2021-11-01,2021-09-27
Slovakia,4,2021-12-01,2022-04-01,2021-11-02
Slovakia,1,2022-05-01,,2022-04-19
Slovenia,1,2018-03-01,2020-08-01,2018-01-10
Slovenia,3,2020-09-01,2021-04-01,2020-08-06
Slovenia,4,2021-05-01,2021-07-01,2021-04-20
Slovenia,3,2021-08-01,2021-09-01,2021-07-06
Slovenia,4,2021-10-01,2022-04-01,2021-09-13
Slovenia,3,2022-05-01,2022-05-01,2022-04-19
Slovenia,1,2022-06-01,,2022-05-16
Solomon Island,1,2018-07-01,2020-08-01,2018-01-10
Solomon Island,3,2020-09-01,2021-04-01,2020-08-06
Solomon Island,4,2021-05-01,2022-04-01,2021-04-20
Solomon Island,3,2022-05-01,2022-07-01,2022-04-18
Solomon Island,2,2022-08-01,2025-08-01,2022-07-05
Solomon Islands,1,2018-03-01,2018-06-01,2018-01-10
Solomon Islands,2,2025-09-01,,2025-04-29
Somalia,4,2018-03-01,,2018-01-10
South Africa,2,2018-03-01,2020-08-01,2018-02-13
South Africa,3,2020-09-01,2021-04-01,2020-08-06
South Africa,4,2021-05-01,2021-06-01,2021-04-20
South Africa,3,2021-07-01,2021-07-01,2021-06-17
South Africa,4,2021-08-01,2021-10-01,2021-07-06
South Africa,3,2021-11-01,2021-11-01,2021-10-04
South Africa,4,2021-12-01,2022-02-01,2021-11-27
South Africa,3,2022-03-01,2022-04-01,2022-02-07
South Africa,2,2022-05-01,,2022-04-19
South Korea,1,2018-03-01,2020-02-01,2018-01-10
South Korea,3,2020-03-01,2020-11-01,2020-02-29
South Korea,2,2020-12-01,2021-06-01,2020-11-23
South Korea,1,2021-07-01,2021-08-01,2021-06-17
South Korea,2,2021-09-01,2021-10-01,2021-08-02
South Korea,3,2021-11-01,2022-02-01,2021-10-12
South Korea,4,2022-03-01,2022-04-01,2022-02-14
South Korea,1,2022-05-01,,2022-04-18
South Sudan,4,2018-03-01,,2018-01-10
Spain,2,2018-03-01,2020-08-01,2018-01-10
Spain,3,2020-09-01,2021-04-01,2020-08-10
Spain,4,2021-05-01,2021-06-01,2021-04-20
Spain,3,2021-07-01,2021-07-01,2021-06-17
Spain,4,2021-08-01,2021-10-01,2021-07-26
Spain,3,2021-11-01,2021-12-01,2021-10-12
Spain,4,2022-01-01,2022-04-01,2021-12-20
Spain,2,2022-05-01,,2022-04-19
Sri Lanka,1,2018-03-01,2019-04-01,2018-01-10
Sri Lanka,3,2019-05-01,2019-06-01,2019-04-26
Sri Lanka,2,2019-07-01,2020-08-01,2019-06-24
Sri Lanka,3,2020-09-01,2021-04-01,2020-08-06
Sri Lanka,2,2021-05-01,2021-05-01,2021-04-21
Sri Lanka,4,2021-06-01,2021-07-01,2021-05-24
Sri Lanka,3,2021-08-01,2021-09-01,2021-07-06
Sri Lanka,4,2021-10-01,2021-10-01,2021-09-07
Sri Lanka,3,2021-11-01,2022-09-01,2021-10-25
Sri Lanka,2,2022-10-01,,2022-09-22
Sudan,3,2018-03-01,2019-04-01,2018-01-10
Sudan,4,2019-05-01,2019-09-01,2019-04-11
Sudan,3,2019-10-01,2021-06-01,2019-09-26
Sudan,4,2021-07-01,,2021-06-28
Suriname,1,2018-03-01,2020-08-01,2018-01-10
Suriname,3,2020-09-01,2021-04-01,2020-08-06
Suriname,4,2021-05-01,2022-04-01,2021-04-20
Suriname,1,2022-05-01,,2022-04-18
Swaziland,1,2018-03-01,2018-05-01,2018-01-10
Sweden,1,2018-03-01,2020-08-01,2018-01-10
Sweden,3,2020-09-01,2021-04-01,2020-08-06
Sweden,4,2021-05-01,2021-07-01,2021-04-20
Sweden,3,2021-08-01,2021-12-01,2021-07-12
Sweden,4,2022-01-01,2022-04-01,2021-12-28
Sweden,1,2022-05-01,2023-02-01,2022-04-19
Sweden,2,2023-03-01,,2023-02-13
Switzerland,1,2018-03-01,2020-08-01,2018-01-10
Switzerland,3,2020-09-01,2021-04-01,2020-08-06
Switzerland,4,2021-05-01,2021-06-01,2021-04-20
Switzerland,3,2021-07-01,2021-08-01,2021-06-17
Switzerland,4,2021-09-01,2022-04-01,2021-08-30
Switzerland,1,2022-05-01,,2022-04-19
Syria,4,2018-03-01,,2018-01-10
Taiwan,1,2018-03-01,2021-04-01,2018-01-10
Taiwan,3,2021-05-01,2022-10-01,2021-04-21
Taiwan,1,2022-11-01,,2022-10-24
Tajikistan,1,2018-03-01,2018-08-01,2018-01-10
Tajikistan,2,2018-09-01,2020-03-01,2018-08-03
Tajikistan,3,2020-04-01,2020-08-01,2020-03-18
Tajikistan,4,2020-09-01,2020-11-01,2020-08-06
Tajikistan,3,2020-12-01,2021-04-01,2020-11-23
Tajikistan,4,2021-05-01,2022-04-01,2021-04-21
Tajikistan,2,2022-05-01,,2022-04-18
Tanzania,2,2018-03-01,2020-08-01,2018-01-10
Tanzania,3,2020-09-01,2021-02-01,2020-08-06
Tanzania,4,2021-03-01,2022-04-01,2021-03-01
Tanzania,2,2022-05-01,2025-10-01,2022-04-19
Tanzania,3,2025-11-01,,2025-10-31
Thailand,1,2018-03-01,2020-08-01,2018-01-10
Thailand,2,2020-09-01,2020-11-01,2020-08-06
Thailand,1,2020-12-01,2021-01-01,2020-11-23
Thailand,2,2021-02-01,2021-02-01,2021-01-25
Thailand,3,2021-03-01,2021-04-01,2021-03-01
Thailand,2,2021-05-01,2021-05-01,2021-04-20
Thailand,3,2021-06-01,2021-08-01,2021-05-17
Thailand,4,2021-09-01,2021-11-01,2021-08-09
Thailand,3,2021-12-01,2022-03-01,2021-11-08
Thailand,4,2022-04-01,2022-04-01,2022-03-07
Thailand,1,2022-05-01,2025-07-01,2022-04-18
Thailand,2,2025-08-01,2025-08-01,2025-07-25
Thailand,1,2025-09-01,2025-09-01,2025-06-09
Thailand,2,2025-10-01,,2025-07-25
The Bahamas,2,2018-03-01,2020-08-01,2018-01-10
The Bahamas,4,2020-09-01,2020-11-01,2020-08-06
The Bahamas,3,2020-12-01,2021-04-01,2020-11-23
The Bahamas,4,2021-05-01,2021-06-01,2021-04-20
The Bahamas,3,2021-07-01,2021-08-01,2021-06-16
The Bahamas,4,2021-09-01,2021-11-01,2021-08-23
The Bahamas,3,2021-12-01,2021-12-01,2021-11-15
The Bahamas,2,2022-01-01,2022-01-01,2021-12-20
The Bahamas,4,2022-02-01,2022-03-01,2022-01-18
The Bahamas,2,2022-04-01,2025-11-01,2022-03-28
The Gambia,1,2018-03-01,2020-08-01,2018-01-10
The Gambia,3,2020-09-01,2021-06-01,2020-08-06
The Gambia,1,2021-07-01,2021-08-01,2021-06-16
The Gambia,3,2021-09-01,2021-11-01,2021-08-02
The Gambia,1,2021-12-01,2022-01-01,2021-11-15
The Gambia,3,2022-02-01,2022-03-01,2022-01-31
The Gambia,1,2022-04-01,2023-03-01,2022-03-21
The Gambia,2,2023-04-01,,2023-03-06
The Kyrgyz Republic,1,2018-07-01,2019-08-01,2018-04-24
The Kyrgyz Republic,2,2019-09-01,2020-01-01,2019-08-09
The Kyrgyz Republic,1,2020-02-01,2020-08-01,2020-01-13
The Kyrgyz Republic,4,2020-09-01,2021-02-01,2020-08-06
The Kyrgyz Republic,3,2021-03-01,2021-05-01,2021-02-22
The Kyrgyz Republic,4,2021-06-01,2021-06-01,2021-05-17
The Kyrgyz Republic,3,2021-07-01,2021-07-01,2021-06-16
The Kyrgyz Republic,4,2021-08-01,2021-10-01,2021-07-26
The Kyrgyz Republic,1,2021-11-01,2022-02-01,2021-10-25
The Kyrgyz Republic,3,2022-03-01,2022-04-01,2022-02-01
The Kyrgyz Republic,1,2022-05-01,2025-08-01,2022-04-20
The Kyrgyz Republic,1,2026-07-01,,2026-02-10
Timor-Leste,1,2018-03-01,2020-01-01,2018-01-10
Timor-Leste,2,2020-02-01,2020-08-01,2020-01-15
Timor-Leste,3,2020-09-01,2021-05-01,2020-08-06
Timor-Leste,4,2021-06-01,2021-06-01,2021-05-10
Timor-Leste,3,2021-07-01,2021-11-01,2021-06-16
Timor-Leste,4,2021-12-01,2021-12-01,2021-11-30
Timor-Leste,3,2022-01-01,2022-04-01,2021-12-06
Timor-Leste,2,2022-05-01,,2022-04-18
Togo,2,2018-03-01,2019-01-01,2018-01-10
Togo,1,2019-02-01,2020-08-01,2019-01-23
Togo,3,2020-09-01,2021-06-01,2020-08-06
Togo,1,2021-07-01,2021-08-01,2021-06-16
Togo,2,2021-09-01,2021-11-01,2021-08-09
Togo,1,2021-12-01,2022-01-01,2021-11-22
Togo,3,2022-02-01,2022-02-01,2022-01-18
Togo,2,2022-03-01,2022-03-01,2022-02-28
Togo,1,2022-04-01,2024-11-01,2022-03-07
Togo,2,2024-12-01,,2024-11-07
Tonga,1,2018-03-01,2020-08-01,2018-01-10
Tonga,3,2020-09-01,2020-11-01,2020-08-06
Tonga,2,2020-12-01,2021-04-01,2020-11-23
Tonga,4,2021-05-01,2022-11-01,2021-04-20
Tonga,1,2022-12-01,,2022-11-08
Trinidad and Tobago,2,2018-03-01,2019-02-01,2018-02-22
Trinidad and Tobago,1,2019-03-01,2019-03-01,2018-02-22
Trinidad and Tobago,2,2019-04-01,2020-08-01,2019-03-06
Trinidad and Tobago,3,2020-09-01,2021-04-01,2020-08-06
Trinidad and Tobago,4,2021-05-01,2021-08-01,2021-04-26
Trinidad and Tobago,3,2021-09-01,2021-11-01,2021-08-09
Trinidad and Tobago,4,2021-12-01,2022-04-01,2021-11-30
Trinidad and Tobago,2,2022-05-01,2022-11-01,2022-04-18
Trinidad and Tobago,3,2022-12-01,,2022-11-08
Tunisia,2,2018-03-01,2020-08-01,2018-01-10
Tunisia,3,2020-09-01,2021-04-01,2020-08-06
Tunisia,4,2021-05-01,2021-06-01,2021-04-20
Tunisia,3,2021-07-01,2021-07-01,2021-06-16
Tunisia,4,2021-08-01,2021-10-01,2021-07-12
Tunisia,3,2021-11-01,2022-01-01,2021-10-18
Tunisia,4,2022-02-01,2022-04-01,2022-01-24
Tunisia,2,2022-05-01,,2022-04-20
Turkey,3,2018-03-01,2019-09-01,2018-01-12
Turkey,2,2019-10-01,2020-08-01,2019-09-05
Turkey,3,2020-09-01,2021-04-01,2020-08-26
Turkey,4,2021-05-01,2021-06-01,2021-04-20
Turkey,3,2021-07-01,2021-08-01,2021-06-17
Turkey,4,2021-09-01,2022-04-01,2021-08-16
Turkey,2,2022-05-01,,2022-04-19
Turkmenistan,1,2018-03-01,2020-03-01,2018-01-10
Turkmenistan,3,2020-04-01,2020-08-01,2020-03-31
Turkmenistan,4,2020-09-01,2022-04-01,2020-08-07
Turkmenistan,3,2022-05-01,2022-12-01,2022-04-20
Turkmenistan,2,2023-01-01,2024-01-01,2022-12-29
Turkmenistan,1,2024-02-01,,2024-01-22
Turks and Caicos,2,2018-03-01,2018-06-01,2018-01-10
Turks and Caicos Islands,2,2018-07-01,2020-08-01,2018-01-10
Turks and Caicos Islands,3,2020-09-01,2021-02-01,2020-08-06
Turks and Caicos Islands,4,2021-03-01,2021-06-01,2021-02-16
Turks and Caicos Islands,2,2021-07-01,2021-09-01,2021-06-16
Turks and Caicos Islands,3,2021-10-01,2022-01-01,2021-09-07
Turks and Caicos Islands,4,2022-02-01,2022-03-01,2022-01-18
Turks and Caicos Islands,3,2022-04-01,2022-04-01,2022-03-14
Turks and Caicos Islands,2,2022-05-01,,2022-04-18
Tuvalu,1,2018-03-01,2020-08-01,2018-01-10
Tuvalu,3,2020-09-01,2021-04-01,2020-08-06
Tuvalu,4,2021-05-01,2022-04-01,2021-04-20
Tuvalu,3,2022-05-01,2023-08-01,2022-04-18
Tuvalu,1,2023-09-01,,2023-08-09
Uganda,2,2018-03-01,2018-06-01,2018-01-10
Uganda,1,2018-07-01,2018-07-01,2018-01-10
Uganda,2,2018-08-01,2020-08-01,2018-01-10
Uganda,3,2020-09-01,2021-06-01,2020-08-06
Uganda,4,2021-07-01,2021-08-01,2021-06-28
Uganda,3,2021-09-01,2026-05-01,2021-08-23
Uganda,4,2026-06-01,,2026-05-17
Ukraine,2,2018-03-01,2020-08-01,2018-01-10
Ukraine,3,2020-09-01,2021-04-01,2020-08-24
Ukraine,4,2021-05-01,2021-06-01,2021-04-20
Ukraine,3,2021-07-01,2021-07-01,2021-06-16
Ukraine,2,2021-08-01,2021-09-01,2021-07-26
Ukraine,3,2021-10-01,2021-10-01,2021-09-21
Ukraine,4,2021-11-01,,2021-10-25
United Arab Emirates,1,2018-07-01,2020-08-01,2018-01-10
United Arab Emirates,3,2020-09-01,2021-04-01,2020-08-17
United Arab Emirates,4,2021-05-01,2021-09-01,2021-04-20
United Arab Emirates,3,2021-10-01,2021-11-01,2021-09-07
United Arab Emirates,1,2021-12-01,2022-01-01,2021-11-22
United Arab Emirates,4,2022-02-01,2022-03-01,2022-01-26
United Arab Emirates,3,2022-04-01,2023-02-01,2022-03-07
United Arab Emirates,2,2023-03-01,2026-03-01,2023-02-23
United Arab Emirates,3,2026-04-01,,2026-03-03
United Arab Emirates (UAE),1,2018-03-01,2018-06-01,2018-01-10
United Kingdom,2,2018-03-01,2020-08-01,2018-01-10
United Kingdom,3,2020-09-01,2021-04-01,2020-08-06
United Kingdom,4,2021-05-01,2021-05-01,2021-04-20
United Kingdom,3,2021-06-01,2021-07-01,2021-05-10
United Kingdom,4,2021-08-01,2022-04-01,2021-07-19
United Kingdom,2,2022-05-01,2025-08-01,2022-04-19
United Kingdom of Great Britain and Northern Ireland,2,2025-09-01,,2025-06-10
Uruguay,1,2018-03-01,2019-08-01,2018-01-10
Uruguay,2,2019-09-01,2020-08-01,2019-08-02
Uruguay,3,2020-09-01,2020-11-01,2020-08-06
Uruguay,2,2020-12-01,2020-12-01,2020-11-23
Uruguay,3,2021-01-01,2021-04-01,2020-12-14
Uruguay,4,2021-05-01,2021-08-01,2021-04-20
Uruguay,3,2021-09-01,2022-01-01,2021-08-16
Uruguay,4,2022-02-01,2022-04-01,2022-01-18
Uruguay,2,2022-05-01,,2022-04-18
Uzbekistan,1,2018-03-01,2020-08-01,2018-01-10
Uzbekistan,3,2020-09-01,2021-04-01,2020-08-06
Uzbekistan,4,2021-05-01,2022-04-01,2021-04-21
Uzbekistan,1,2022-05-01,,2022-04-18
Vanuatu,1,2018-03-01,2020-08-01,2018-01-10
Vanuatu,3,2020-09-01,2020-11-01,2020-08-06
Vanuatu,2,2020-12-01,2021-04-01,2020-11-23
Vanuatu,4,2021-05-01,2022-04-01,2021-04-20
Vanuatu,3,2022-05-01,2022-07-01,2022-04-18
Vanuatu,1,2022-08-01,2024-12-01,2022-07-05
Vanuatu,3,2025-01-01,2025-05-01,2024-12-20
Vanuatu,1,2025-06-01,,2025-05-22
Vatican City (Holy See),2,2025-09-01,,2025-05-23
Venezuela,3,2018-03-01,2019-01-01,2018-01-10
Venezuela,4,2019-02-01,2026-03-01,2019-01-29
Venezuela,3,2026-04-01,,2026-03-19
Vietnam,1,2018-03-01,2020-08-01,2018-01-10
Vietnam,3,2020-09-01,2020-10-01,2020-08-06
Vietnam,2,2020-11-01,2021-08-01,2020-10-05
Vietnam,3,2021-09-01,2022-02-01,2021-08-09
Vietnam,4,2022-03-01,2022-04-01,2022-02-28
Vietnam,1,2022-05-01,,2022-04-18
West Bank,3,2025-09-01,2026-02-01,2025-01-17
Yemen,4,2018-03-01,,2018-01-10
Zambia,1,2018-03-01,2020-08-01,2018-01-10
Zambia,3,2020-09-01,2021-05-01,2020-08-06
Zambia,2,2021-06-01,2021-06-01,2021-05-17
Zambia,4,2021-07-01,2021-08-01,2021-06-28
Zambia,3,2021-09-01,2021-09-01,2021-08-02
Zambia,2,2021-10-01,2021-10-01,2021-09-21
Zambia,1,2021-11-01,2022-01-01,2021-10-18
Zambia,3,2022-02-01,2022-03-01,2022-01-10
Zambia,2,2022-04-01,2022-04-01,2022-03-21
Zambia,1,2022-05-01,,2022-04-19
Zimbabwe,2,2018-03-01,2020-08-01,2018-01-10
Zimbabwe,3,2020-09-01,2021-04-01,2020-08-06
Zimbabwe,2,2021-05-01,2021-07-01,2021-04-21
Zimbabwe,4,2021-08-01,2021-08-01,2021-07-19
Zimbabwe,3,2021-09-01,2021-09-01,2021-08-30
Zimbabwe,2,2021-10-01,2021-11-01,2021-09-27
Zimbabwe,4,2021-12-01,2022-01-01,2021-11-27
Zimbabwe,3,2022-02-01,2022-04-01,2022-01-10
Zimbabwe,2,2022-05-01,,2022-04-19
